ship_type,route_id,distance,fuel_type,fuel_consumption,CO2_emissions,weather_conditions,engine_efficiency,speed,load,operational_cost
Oil Service Boat,Warri-Bonny,132.26,Diesel,5113.8,13359.8,Stormy,92.14,15.62,98.5,3068.28
Oil Service Boat,Port Harcourt-Lagos,128.52,Ammonia,11915.94,1638.44,Moderate,92.98,24.26,54.7,10724.35
Oil Service Boat,Port Harcourt-Lagos,67.3,HFO,4074.21,11204.08,Calm,87.61,20.98,83.63,2037.1
Oil Service Boat,Port Harcourt-Lagos,71.68,HFO,3688.59,10143.62,Stormy,87.42,18.98,72.19,1844.3
Oil Service Boat,Lagos-Apapa,134.32,HFO,3596.85,9891.34,Calm,85.61,12.34,93.41,1798.42
Oil Service Boat,Port Harcourt-Lagos,85.93,Ammonia,1741.59,239.47,Stormy,72.82,12.34,58.86,1567.43
Oil Service Boat,Warri-Bonny,85.67,LNG,1939.05,3999.29,Moderate,93.93,10.87,84.63,872.57
Oil Service Boat,Warri-Bonny,44.81,Diesel,3764.08,9833.66,Moderate,91.1,22.99,91.91,2258.45
Oil Service Boat,Escravos-Lagos,116.44,Methanol,9158.99,22668.5,Calm,73.41,19.02,97.23,6411.29
Oil Service Boat,Lagos-Apapa,99.73,Methanol,6493.81,16072.18,Moderate,94.68,20.62,84.16,4545.67
Oil Service Boat,Port Harcourt-Lagos,149.9,Diesel,1798.21,4697.82,Stormy,76.53,10.31,74.86,1078.93
Oil Service Boat,Escravos-Lagos,53.21,LNG,5320.55,10973.63,Calm,84.59,24.55,80.89,2394.25
Fishing Trawler,Warri-Bonny,92.03,Methanol,7470.05,18488.37,Moderate,85.52,22.49,93.45,5229.04
Fishing Trawler,Escravos-Lagos,141.91,LNG,3268.25,6740.77,Calm,83.52,13.19,78.53,1470.71
Fishing Trawler,Escravos-Lagos,51.65,HFO,669.77,1841.87,Calm,74.32,12.73,51.52,334.88
Fishing Trawler,Lagos-Apapa,197.46,Ammonia,7415.73,1019.66,Moderate,89.36,12.75,96.55,6674.16
Fishing Trawler,Port Harcourt-Lagos,72.25,LNG,2186.72,4510.11,Stormy,78.01,14.56,84.48,984.02
Fishing Trawler,Port Harcourt-Lagos,183.15,Diesel,5642.27,14740.43,Calm,80.83,17.87,83.83,3385.36
Fishing Trawler,Warri-Bonny,160.43,Diesel,3370.16,8804.54,Stormy,77.8,16.48,60.78,2022.1
Fishing Trawler,Port Harcourt-Lagos,121.07,HFO,2478.06,6814.66,Calm,76.08,14.37,82.94,1239.03
Fishing Trawler,Lagos-Apapa,193.59,HFO,8455.39,23252.32,Calm,87.91,19.18,69.69,4227.7
Fishing Trawler,Escravos-Lagos,144.15,Methanol,3131.98,7751.65,Moderate,83.86,12.09,82.56,2192.39
Fishing Trawler,Lagos-Apapa,154.6,HFO,3113.58,8562.34,Stormy,92.07,14.38,55.33,1556.79
Fishing Trawler,Port Harcourt-Lagos,173.83,Diesel,5660.75,14788.71,Calm,76.39,15.5,82.89,3396.45
Oil Service Boat,Escravos-Lagos,112.97,LNG,6018.15,12412.43,Stormy,70.62,16.84,99.97,2708.17
Oil Service Boat,Lagos-Apapa,45.14,HFO,2188.69,6018.9,Moderate,71.66,21.78,52.41,1094.34
Oil Service Boat,Port Harcourt-Lagos,29.38,Hydrogen,2116.29,0.0,Calm,81.53,13.0,98.86,3174.44
Oil Service Boat,Port Harcourt-Lagos,42.24,HFO,1799.8,4949.45,Moderate,94.55,17.71,70.35,899.9
Oil Service Boat,Warri-Bonny,135.8,Diesel,8927.29,23322.55,Moderate,75.27,18.89,93.54,5356.37
Oil Service Boat,Lagos-Apapa,71.68,Diesel,1047.52,2736.65,Stormy,87.39,10.7,89.12,628.51
Oil Service Boat,Escravos-Lagos,149.48,HFO,7141.5,19639.12,Calm,79.75,19.11,78.35,3570.75
Oil Service Boat,Warri-Bonny,95.13,HFO,2523.61,6939.93,Stormy,85.76,12.56,86.92,1261.8
Oil Service Boat,Warri-Bonny,128.87,Methanol,2675.15,6621.0,Moderate,93.64,10.98,93.93,1872.6
Oil Service Boat,Escravos-Lagos,33.63,Hydrogen,6999.06,0.0,Stormy,83.25,24.23,70.21,10498.59
Oil Service Boat,Port Harcourt-Lagos,110.44,HFO,6722.08,18485.72,Stormy,71.78,24.48,66.35,3361.04
Oil Service Boat,Escravos-Lagos,59.01,LNG,4485.49,9251.32,Moderate,75.24,22.13,83.38,2018.47
Surfer Boat,Escravos-Lagos,86.9,Methanol,2317.38,5735.52,Calm,70.52,14.57,90.39,1622.17
Surfer Boat,Lagos-Apapa,58.95,Methanol,605.41,1498.39,Stormy,75.07,11.47,88.11,423.79
Surfer Boat,Port Harcourt-Lagos,64.67,Diesel,2642.07,6902.41,Calm,90.92,20.26,89.89,1585.24
Surfer Boat,Lagos-Apapa,39.85,Diesel,746.88,1951.22,Stormy,73.87,16.6,71.78,448.13
Surfer Boat,Escravos-Lagos,192.04,Diesel,2175.01,5682.21,Calm,72.3,11.83,90.89,1305.01
Surfer Boat,Warri-Bonny,111.84,Methanol,1743.19,4314.4,Stormy,75.06,17.43,56.01,1220.23
Surfer Boat,Lagos-Apapa,165.4,Methanol,1708.51,4228.56,Calm,79.71,10.52,77.22,1195.96
Surfer Boat,Port Harcourt-Lagos,162.48,HFO,3467.93,9536.81,Calm,70.62,23.64,50.29,1733.96
Surfer Boat,Port Harcourt-Lagos,183.71,Diesel,1767.6,4617.85,Calm,78.82,13.88,66.23,1060.56
Surfer Boat,Lagos-Apapa,80.93,Ammonia,2202.29,302.81,Moderate,89.57,19.94,68.32,1982.06
Surfer Boat,Warri-Bonny,170.44,Methanol,2134.96,5284.03,Calm,89.0,14.68,69.81,1494.47
Surfer Boat,Escravos-Lagos,181.02,Hydrogen,7893.06,0.0,Moderate,84.91,17.8,84.77,11839.59
Tanker Ship,Escravos-Lagos,336.53,Methanol,25506.54,63128.69,Calm,72.59,18.2,69.43,17854.58
Tanker Ship,Escravos-Lagos,494.24,Diesel,12218.7,31921.35,Stormy,94.18,12.77,72.43,7331.22
Tanker Ship,Warri-Bonny,159.49,LNG,14348.3,29593.37,Calm,74.34,24.54,61.88,6456.74
Tanker Ship,Port Harcourt-Lagos,363.22,LNG,37227.47,76781.66,Calm,75.92,21.63,68.66,16752.36
Tanker Ship,Warri-Bonny,77.01,HFO,4985.97,13711.42,Moderate,71.15,24.09,61.36,2492.98
Tanker Ship,Escravos-Lagos,436.73,LNG,38823.3,80073.06,Moderate,88.75,23.42,53.66,17470.48
Tanker Ship,Warri-Bonny,405.98,Methanol,25581.67,63314.63,Moderate,89.93,18.97,80.17,17907.17
Tanker Ship,Port Harcourt-Lagos,77.51,HFO,7977.1,21937.02,Moderate,71.44,23.83,83.41,3988.55
Tanker Ship,Port Harcourt-Lagos,134.88,Methanol,4281.22,10596.02,Calm,87.7,11.33,80.97,2996.85
Tanker Ship,Warri-Bonny,199.13,LNG,5765.49,11891.32,Calm,92.1,12.94,73.17,2594.47
Tanker Ship,Escravos-Lagos,441.93,Hydrogen,20319.15,0.0,Calm,79.16,10.68,68.99,30478.72
Tanker Ship,Lagos-Apapa,172.3,HFO,10084.62,27732.7,Calm,76.53,14.88,93.17,5042.31
Surfer Boat,Lagos-Apapa,147.9,Diesel,2846.17,7435.62,Stormy,87.24,15.83,75.95,1707.7
Surfer Boat,Escravos-Lagos,44.52,LNG,632.9,1305.36,Stormy,94.2,14.07,73.96,284.8
Surfer Boat,Lagos-Apapa,113.0,Diesel,2375.92,6207.09,Moderate,76.44,22.43,51.28,1425.55
Surfer Boat,Lagos-Apapa,87.17,Methanol,1803.03,4462.5,Stormy,92.06,15.35,67.06,1262.12
Surfer Boat,Escravos-Lagos,197.78,Methanol,2974.39,7361.62,Stormy,73.67,14.21,69.01,2082.07
Surfer Boat,Warri-Bonny,62.36,HFO,1587.76,4366.34,Calm,93.83,18.14,69.94,793.88
Surfer Boat,Warri-Bonny,158.07,LNG,1952.16,4026.33,Stormy,81.67,12.11,79.01,878.47
Surfer Boat,Warri-Bonny,117.52,LNG,4597.74,9482.84,Moderate,89.42,22.03,76.68,2068.98
Surfer Boat,Lagos-Apapa,155.32,Diesel,1315.99,3438.02,Stormy,87.02,11.12,80.4,789.59
Surfer Boat,Escravos-Lagos,145.53,Ammonia,12485.87,1716.81,Moderate,79.32,24.8,88.24,11237.28
Surfer Boat,Port Harcourt-Lagos,34.55,Methanol,1909.05,4724.9,Calm,85.62,21.58,90.65,1336.34
Surfer Boat,Lagos-Apapa,129.52,LNG,1355.99,2796.73,Calm,88.26,12.98,85.91,610.2
Surfer Boat,Warri-Bonny,66.87,Methanol,495.23,1225.69,Calm,86.15,10.08,97.78,346.66
Surfer Boat,Escravos-Lagos,31.95,Diesel,501.93,1311.29,Moderate,88.57,22.23,50.91,301.16
Surfer Boat,Lagos-Apapa,134.85,Ammonia,3128.79,430.21,Moderate,88.42,20.6,59.79,2815.91
Surfer Boat,Escravos-Lagos,111.86,LNG,2617.33,5398.24,Stormy,94.84,20.94,50.38,1177.8
Surfer Boat,Port Harcourt-Lagos,77.89,Methanol,2497.69,6181.78,Stormy,80.75,21.57,82.37,1748.38
Surfer Boat,Port Harcourt-Lagos,147.09,Ammonia,2823.14,388.18,Calm,86.78,11.11,94.9,2540.83
Surfer Boat,Escravos-Lagos,52.12,Diesel,675.16,1763.86,Stormy,80.59,15.38,62.17,405.1
Surfer Boat,Port Harcourt-Lagos,46.21,Methanol,608.77,1506.71,Calm,74.71,11.74,96.35,426.14
Surfer Boat,Port Harcourt-Lagos,54.78,HFO,1696.64,4665.76,Moderate,87.9,22.95,53.01,848.32
Surfer Boat,Escravos-Lagos,56.75,Diesel,1522.07,3976.41,Moderate,74.54,19.35,96.72,913.24
Surfer Boat,Port Harcourt-Lagos,90.91,Diesel,1386.9,3623.28,Stormy,72.61,14.96,67.58,832.14
Surfer Boat,Warri-Bonny,37.38,Hydrogen,541.37,0.0,Moderate,79.05,10.95,55.07,812.06
Tanker Ship,Lagos-Apapa,312.45,Ammonia,18920.49,2601.57,Calm,79.01,14.66,74.29,17028.44
Tanker Ship,Lagos-Apapa,423.27,Methanol,18021.92,44604.25,Calm,94.38,14.88,62.84,12615.34
Tanker Ship,Escravos-Lagos,337.15,Methanol,28864.17,71438.82,Moderate,93.83,20.94,64.24,20204.92
Tanker Ship,Lagos-Apapa,261.92,LNG,19395.06,40002.31,Moderate,70.95,19.56,65.36,8727.78
Tanker Ship,Escravos-Lagos,448.48,Ammonia,55754.73,7666.28,Stormy,89.59,23.31,90.15,50179.26
Tanker Ship,Lagos-Apapa,77.81,Diesel,4041.07,10557.3,Calm,79.56,17.08,76.96,2424.64
Tanker Ship,Port Harcourt-Lagos,58.63,Diesel,1449.22,3786.09,Stormy,80.86,11.79,65.57,869.53
Tanker Ship,Lagos-Apapa,391.76,HFO,36765.76,101105.84,Moderate,75.83,20.7,80.52,18382.88
Tanker Ship,Warri-Bonny,169.25,Methanol,19384.27,47976.07,Stormy,89.83,21.41,85.81,13568.99
Tanker Ship,Escravos-Lagos,370.45,Methanol,19852.77,49135.61,Calm,72.13,18.42,63.63,13896.94
Tanker Ship,Warri-Bonny,76.76,Diesel,4586.61,11982.52,Moderate,80.94,21.56,70.68,2751.97
Tanker Ship,Lagos-Apapa,497.16,HFO,24833.05,68290.89,Calm,72.14,17.41,56.09,12416.52
Fishing Trawler,Escravos-Lagos,147.06,Methanol,4432.96,10971.58,Stormy,78.5,17.84,59.06,3103.07
Fishing Trawler,Lagos-Apapa,196.74,HFO,5398.94,14847.08,Moderate,72.16,16.41,84.06,2699.47
Fishing Trawler,Port Harcourt-Lagos,120.31,Methanol,1098.91,2719.8,Moderate,92.48,10.38,59.07,769.24
Fishing Trawler,Port Harcourt-Lagos,60.39,Hydrogen,2282.22,0.0,Calm,85.31,11.62,76.26,3423.33
Fishing Trawler,Warri-Bonny,160.89,Diesel,2223.48,5808.84,Moderate,78.4,10.47,85.45,1334.09
Fishing Trawler,Lagos-Apapa,58.09,HFO,1858.8,5111.7,Calm,74.19,19.55,55.34,929.4
Fishing Trawler,Escravos-Lagos,155.88,Methanol,5306.17,13132.77,Moderate,84.86,14.72,78.37,3714.32
Fishing Trawler,Port Harcourt-Lagos,195.5,Methanol,8075.66,19987.26,Stormy,89.13,17.63,62.83,5652.96
Fishing Trawler,Lagos-Apapa,69.55,LNG,6224.17,12837.35,Stormy,72.15,23.61,98.15,2800.88
Fishing Trawler,Port Harcourt-Lagos,128.88,Hydrogen,7720.56,0.0,Calm,80.41,13.74,74.18,11580.84
Fishing Trawler,Warri-Bonny,149.46,HFO,5137.57,14128.32,Moderate,82.77,16.16,90.3,2568.78
Fishing Trawler,Escravos-Lagos,60.39,LNG,4093.77,8443.4,Stormy,79.72,21.33,77.51,1842.2
Fishing Trawler,Port Harcourt-Lagos,90.31,Methanol,1395.16,3453.02,Moderate,84.4,13.43,52.17,976.61
Fishing Trawler,Warri-Bonny,116.16,Ammonia,2815.41,387.12,Moderate,74.28,11.15,81.66,2533.87
Fishing Trawler,Warri-Bonny,181.07,HFO,6397.64,17593.51,Stormy,83.54,14.35,97.57,3198.82
Fishing Trawler,Lagos-Apapa,72.16,Methanol,1320.84,3269.08,Calm,91.0,12.42,80.08,924.59
Fishing Trawler,Warri-Bonny,155.61,LNG,13723.19,28304.08,Moderate,71.13,23.95,90.96,6175.44
Fishing Trawler,Port Harcourt-Lagos,195.89,Diesel,10621.21,27747.91,Calm,72.2,22.12,94.21,6372.73
Fishing Trawler,Lagos-Apapa,168.1,HFO,6623.49,18214.6,Calm,81.59,19.5,61.4,3311.74
Fishing Trawler,Warri-Bonny,55.75,Ammonia,3919.39,538.92,Calm,89.36,23.07,60.6,3527.45
Fishing Trawler,Escravos-Lagos,108.17,HFO,6709.52,18451.18,Moderate,73.43,22.06,80.55,3354.76
Fishing Trawler,Lagos-Apapa,107.53,Diesel,1422.63,3716.62,Moderate,84.23,12.8,70.55,853.58
Fishing Trawler,Warri-Bonny,81.16,Diesel,5609.9,14655.86,Stormy,85.69,23.39,91.99,3365.94
Fishing Trawler,Port Harcourt-Lagos,167.25,Ammonia,11287.64,1552.05,Moderate,92.63,18.09,95.0,10158.88
Oil Service Boat,Warri-Bonny,23.66,LNG,1314.09,2710.31,Moderate,86.98,22.11,67.67,591.34
Oil Service Boat,Escravos-Lagos,34.39,Methanol,2282.5,5649.19,Stormy,80.47,23.44,61.84,1597.75
Oil Service Boat,Warri-Bonny,82.31,Diesel,2253.44,5887.11,Calm,74.3,14.77,89.03,1352.06
Oil Service Boat,Port Harcourt-Lagos,57.76,LNG,989.24,2040.31,Stormy,92.78,11.65,63.74,445.16
Oil Service Boat,Port Harcourt-Lagos,142.27,LNG,4639.95,9569.9,Moderate,78.94,13.42,91.13,2087.98
Oil Service Boat,Lagos-Apapa,31.26,Methanol,1446.32,3579.64,Calm,88.97,16.41,71.19,1012.42
Oil Service Boat,Lagos-Apapa,66.04,Ammonia,7678.32,1055.77,Moderate,76.42,22.27,83.38,6910.49
Oil Service Boat,Warri-Bonny,53.74,HFO,2890.1,7947.78,Calm,70.4,22.91,54.78,1445.05
Oil Service Boat,Warri-Bonny,73.53,LNG,1376.68,2839.4,Stormy,80.77,10.1,81.19,619.51
Oil Service Boat,Port Harcourt-Lagos,39.69,HFO,1540.14,4235.38,Moderate,91.55,17.66,72.59,770.07
Oil Service Boat,Lagos-Apapa,103.11,LNG,4759.09,9815.62,Calm,85.64,16.26,79.33,2141.59
Oil Service Boat,Escravos-Lagos,39.03,Diesel,731.78,1911.78,Moderate,70.59,13.33,58.4,439.07
Tanker Ship,Lagos-Apapa,337.43,Diesel,7342.81,19183.09,Calm,71.85,11.8,86.84,4405.69
Tanker Ship,Port Harcourt-Lagos,364.78,Diesel,13831.94,36135.94,Stormy,83.8,15.06,93.14,8299.16
Tanker Ship,Warri-Bonny,490.16,LNG,56208.4,115929.83,Calm,93.41,24.14,60.84,25293.78
Tanker Ship,Port Harcourt-Lagos,262.21,Diesel,6720.36,17556.94,Stormy,71.69,14.85,54.79,4032.22
Tanker Ship,Lagos-Apapa,339.19,Methanol,16010.79,39626.71,Stormy,82.05,17.78,51.18,11207.55
Tanker Ship,Port Harcourt-Lagos,326.44,Diesel,30633.56,80030.18,Calm,80.76,20.55,82.1,18380.14
Tanker Ship,Lagos-Apapa,246.4,HFO,13243.28,36419.02,Moderate,92.15,15.45,80.35,6621.64
Tanker Ship,Escravos-Lagos,136.52,Methanol,19502.3,48268.19,Stormy,70.18,24.58,77.33,13651.61
Tanker Ship,Escravos-Lagos,414.23,Diesel,31788.21,83046.7,Calm,76.3,24.44,61.6,19072.93
Tanker Ship,Lagos-Apapa,356.17,Diesel,12326.38,32202.67,Moderate,80.23,13.78,69.55,7395.83
Tanker Ship,Escravos-Lagos,248.94,LNG,18410.16,37970.96,Calm,83.31,17.46,79.72,8284.57
Tanker Ship,Lagos-Apapa,345.77,Diesel,14576.01,38079.83,Calm,89.28,14.51,74.84,8745.61
Surfer Boat,Warri-Bonny,168.03,HFO,3063.4,8424.35,Stormy,90.96,14.27,99.39,1531.7
Surfer Boat,Escravos-Lagos,37.91,Diesel,189.15,494.15,Stormy,93.45,10.55,56.82,113.49
Surfer Boat,Lagos-Apapa,88.47,Ammonia,2303.17,316.69,Calm,73.06,19.14,84.76,2072.85
Surfer Boat,Port Harcourt-Lagos,102.3,LNG,1869.17,3855.16,Moderate,93.8,17.54,70.22,841.13
Surfer Boat,Lagos-Apapa,177.6,LNG,1613.0,3326.81,Stormy,86.97,10.77,71.41,725.85
Surfer Boat,Port Harcourt-Lagos,45.92,LNG,740.22,1526.7,Moderate,85.99,14.18,85.88,333.1
Surfer Boat,Lagos-Apapa,131.34,HFO,5860.65,16116.79,Moderate,82.34,23.62,84.62,2930.32
Surfer Boat,Port Harcourt-Lagos,46.49,Diesel,862.31,2252.78,Moderate,81.9,13.59,99.56,517.39
Surfer Boat,Port Harcourt-Lagos,136.27,Methanol,871.93,2158.03,Stormy,81.11,12.17,56.42,610.35
Surfer Boat,Port Harcourt-Lagos,167.82,HFO,2171.37,5971.27,Stormy,82.78,17.34,55.21,1085.68
Surfer Boat,Port Harcourt-Lagos,33.98,Diesel,1571.35,4105.15,Calm,93.83,24.78,86.22,942.81
Surfer Boat,Escravos-Lagos,61.71,Diesel,584.9,1528.05,Calm,89.22,13.63,78.92,350.94
Oil Service Boat,Warri-Bonny,85.61,Diesel,4186.55,10937.36,Moderate,77.99,20.08,63.71,2511.93
Oil Service Boat,Warri-Bonny,44.59,Hydrogen,4904.33,0.0,Stormy,77.98,21.42,53.97,7356.5
Oil Service Boat,Lagos-Apapa,53.32,HFO,825.92,2271.28,Calm,86.97,13.56,54.28,412.96
Oil Service Boat,Lagos-Apapa,82.9,LNG,6324.78,13044.86,Moderate,93.5,20.92,94.71,2846.15
Oil Service Boat,Port Harcourt-Lagos,132.17,HFO,2869.92,7892.28,Calm,89.39,15.52,59.59,1434.96
Oil Service Boat,Port Harcourt-Lagos,37.34,Hydrogen,4141.63,0.0,Stormy,94.22,19.48,66.17,6212.44
Oil Service Boat,Warri-Bonny,56.09,HFO,2131.72,5862.23,Moderate,91.91,19.5,61.33,1065.86
Oil Service Boat,Lagos-Apapa,76.32,Diesel,2460.78,6428.79,Moderate,81.5,18.04,67.75,1476.47
Oil Service Boat,Warri-Bonny,77.13,Methanol,1254.77,3105.56,Calm,82.28,11.35,53.47,878.34
Oil Service Boat,Port Harcourt-Lagos,69.53,Methanol,4849.27,12001.94,Stormy,79.36,22.53,75.95,3394.49
Oil Service Boat,Lagos-Apapa,114.4,Diesel,2498.27,6526.73,Calm,87.1,14.81,53.38,1498.96
Oil Service Boat,Warri-Bonny,113.4,Diesel,2928.7,7651.23,Calm,88.55,12.8,90.02,1757.22
Surfer Boat,Lagos-Apapa,39.1,Diesel,214.27,559.78,Calm,73.53,10.61,61.69,128.56
Surfer Boat,Port Harcourt-Lagos,188.79,Diesel,4215.22,11012.26,Moderate,71.59,18.86,77.0,2529.13
Surfer Boat,Escravos-Lagos,196.02,HFO,8617.58,23698.34,Calm,71.86,20.16,94.0,4308.79
Surfer Boat,Port Harcourt-Lagos,64.54,Diesel,332.34,868.24,Calm,83.99,10.25,82.54,199.4
Surfer Boat,Lagos-Apapa,71.33,Diesel,1831.13,4783.83,Moderate,72.48,17.68,76.65,1098.68
Surfer Boat,Lagos-Apapa,102.7,Diesel,770.33,2012.49,Moderate,80.83,13.4,66.22,462.2
Surfer Boat,Port Harcourt-Lagos,191.96,LNG,5972.1,12317.46,Stormy,80.93,19.68,66.65,2687.44
Surfer Boat,Warri-Bonny,72.07,Hydrogen,2034.56,0.0,Stormy,84.52,12.62,83.47,3051.84
Surfer Boat,Escravos-Lagos,198.44,LNG,6734.9,13890.73,Stormy,93.36,20.36,99.71,3030.7
Surfer Boat,Port Harcourt-Lagos,177.53,HFO,2709.41,7450.88,Moderate,78.77,15.8,83.09,1354.7
Surfer Boat,Port Harcourt-Lagos,29.59,HFO,1508.32,4147.88,Calm,78.79,24.05,77.89,754.16
Surfer Boat,Escravos-Lagos,115.37,Hydrogen,3366.5,0.0,Moderate,84.44,12.06,86.53,5049.75
Tanker Ship,Warri-Bonny,281.21,Diesel,11905.49,31103.09,Calm,72.25,15.12,73.26,7143.29
Tanker Ship,Port Harcourt-Lagos,462.22,HFO,8495.21,23361.83,Stormy,76.47,11.7,53.01,4247.6
Tanker Ship,Lagos-Apapa,94.26,LNG,9295.45,19171.87,Moderate,89.94,23.87,78.11,4182.95
Tanker Ship,Warri-Bonny,473.09,LNG,70292.3,144977.87,Moderate,90.78,23.16,97.88,31631.54
Tanker Ship,Lagos-Apapa,238.81,LNG,7956.62,16410.53,Stormy,85.61,13.87,58.77,3580.48
Tanker Ship,Lagos-Apapa,97.09,Diesel,6423.61,16781.68,Stormy,93.55,19.9,84.5,3854.17
Tanker Ship,Warri-Bonny,233.11,HFO,18636.24,51249.66,Stormy,73.78,22.26,60.05,9318.12
Tanker Ship,Lagos-Apapa,453.47,Hydrogen,77105.61,0.0,Moderate,72.15,18.33,76.79,115658.42
Tanker Ship,Lagos-Apapa,364.42,Diesel,12977.55,33903.85,Stormy,90.92,17.94,54.83,7786.53
Tanker Ship,Warri-Bonny,429.43,LNG,15040.03,31020.06,Moderate,75.28,13.63,72.52,6768.01
Tanker Ship,Warri-Bonny,391.77,Methanol,14307.88,35412.0,Moderate,74.77,11.4,87.81,10015.52
Tanker Ship,Warri-Bonny,102.58,LNG,9784.82,20181.19,Stormy,73.48,23.46,67.38,4403.17
Tanker Ship,Lagos-Apapa,380.49,Diesel,42047.33,109848.65,Stormy,76.51,23.51,83.25,25228.4
Tanker Ship,Port Harcourt-Lagos,150.79,Diesel,9906.26,25880.1,Calm,72.59,19.5,89.77,5943.76
Tanker Ship,Escravos-Lagos,379.45,LNG,22135.46,45654.39,Calm,83.25,15.09,96.36,9960.96
Tanker Ship,Port Harcourt-Lagos,237.22,Ammonia,8523.04,1171.92,Stormy,79.48,15.24,61.73,7670.74
Tanker Ship,Escravos-Lagos,242.71,Ammonia,24611.83,3384.13,Stormy,72.24,20.89,69.97,22150.65
Tanker Ship,Warri-Bonny,222.86,HFO,13001.15,35753.16,Stormy,74.13,23.46,57.62,6500.58
Tanker Ship,Lagos-Apapa,243.28,HFO,33994.19,93484.02,Calm,72.21,23.31,99.62,16997.1
Tanker Ship,Port Harcourt-Lagos,398.12,Ammonia,61324.02,8432.05,Stormy,91.55,21.7,96.35,55191.62
Tanker Ship,Warri-Bonny,170.59,Methanol,11844.13,29314.22,Stormy,71.35,19.63,77.0,8290.89
Tanker Ship,Lagos-Apapa,308.63,Ammonia,11172.9,1536.27,Stormy,90.28,11.26,92.1,10055.61
Tanker Ship,Warri-Bonny,483.05,HFO,11517.46,31673.02,Stormy,89.88,12.42,76.05,5758.73
Tanker Ship,Lagos-Apapa,275.21,LNG,33406.45,68900.8,Stormy,91.67,23.48,81.18,15032.9
Surfer Boat,Port Harcourt-Lagos,39.85,Methanol,991.07,2452.9,Calm,86.51,19.1,54.46,693.75
Surfer Boat,Port Harcourt-Lagos,32.2,LNG,238.16,491.2,Stormy,79.34,10.14,87.76,107.17
Surfer Boat,Lagos-Apapa,70.82,Diesel,551.01,1439.51,Moderate,85.71,11.52,56.39,330.61
Surfer Boat,Escravos-Lagos,113.52,HFO,3996.73,10991.01,Stormy,91.81,19.95,91.3,1998.36
Surfer Boat,Lagos-Apapa,63.25,LNG,398.81,822.55,Calm,83.96,10.08,89.1,179.46
Surfer Boat,Warri-Bonny,80.21,Diesel,869.63,2271.91,Moderate,74.14,12.41,85.44,521.78
Surfer Boat,Escravos-Lagos,34.56,Diesel,489.17,1277.96,Stormy,79.34,18.23,51.81,293.5
Surfer Boat,Lagos-Apapa,150.1,Hydrogen,11150.22,0.0,Stormy,91.9,20.38,65.16,16725.33
Surfer Boat,Escravos-Lagos,74.44,Diesel,1753.73,4581.62,Calm,76.64,19.78,63.16,1052.24
Surfer Boat,Escravos-Lagos,73.51,Methanol,1150.46,2847.39,Stormy,70.88,13.36,68.01,805.32
Surfer Boat,Lagos-Apapa,171.31,HFO,2949.86,8112.12,Calm,71.5,20.68,54.38,1474.93
Surfer Boat,Lagos-Apapa,106.5,LNG,1797.1,3706.52,Calm,71.23,13.56,96.85,808.7
Fishing Trawler,Port Harcourt-Lagos,188.94,Hydrogen,13787.04,0.0,Calm,92.08,14.88,77.69,20680.56
Fishing Trawler,Port Harcourt-Lagos,59.55,HFO,3003.44,8259.46,Calm,85.29,21.2,65.28,1501.72
Fishing Trawler,Escravos-Lagos,50.74,HFO,1774.65,4880.29,Calm,84.38,19.74,69.85,887.32
Fishing Trawler,Warri-Bonny,124.04,Diesel,6471.39,16906.51,Calm,84.88,22.74,72.36,3882.83
Fishing Trawler,Lagos-Apapa,57.02,HFO,3020.2,8305.55,Stormy,88.63,19.86,80.03,1510.1
Fishing Trawler,Warri-Bonny,126.52,Methanol,5619.63,13908.58,Calm,78.24,18.52,75.78,3933.74
Fishing Trawler,Escravos-Lagos,101.03,Ammonia,2976.63,409.29,Moderate,91.55,11.41,95.97,2678.97
Fishing Trawler,Lagos-Apapa,94.5,Diesel,2765.58,7225.08,Stormy,73.97,15.52,74.85,1659.35
Fishing Trawler,Lagos-Apapa,148.66,Diesel,3420.25,8935.4,Stormy,78.35,13.98,99.61,2052.15
Fishing Trawler,Lagos-Apapa,170.89,Diesel,4484.98,11717.01,Stormy,73.89,13.66,92.57,2690.99
Fishing Trawler,Warri-Bonny,177.26,Methanol,12988.17,32145.72,Calm,83.91,24.6,60.43,9091.72
Fishing Trawler,Lagos-Apapa,168.28,HFO,7294.53,20059.96,Stormy,75.23,15.9,96.53,3647.26
Oil Service Boat,Lagos-Apapa,98.82,LNG,5072.5,10462.03,Moderate,79.87,23.38,55.82,2282.62
Oil Service Boat,Port Harcourt-Lagos,149.95,LNG,11361.11,23432.29,Moderate,71.2,19.47,90.87,5112.5
Oil Service Boat,Lagos-Apapa,141.31,LNG,8184.85,16881.25,Moderate,92.56,21.92,69.03,3683.18
Oil Service Boat,Lagos-Apapa,134.49,HFO,6298.97,17322.17,Calm,85.3,17.54,93.9,3149.48
Oil Service Boat,Port Harcourt-Lagos,25.14,Methanol,1854.67,4590.31,Calm,92.69,18.65,93.4,1298.27
Oil Service Boat,Lagos-Apapa,137.44,HFO,5598.45,15395.74,Stormy,78.53,17.39,90.3,2799.22
Oil Service Boat,Lagos-Apapa,118.76,HFO,3207.94,8821.84,Moderate,91.54,12.93,89.5,1603.97
Oil Service Boat,Warri-Bonny,146.7,Ammonia,9331.88,1283.13,Calm,81.52,20.84,65.23,8398.69
Oil Service Boat,Escravos-Lagos,146.46,Methanol,3280.38,8118.94,Calm,80.05,14.21,54.05,2296.27
Oil Service Boat,Port Harcourt-Lagos,43.94,HFO,557.99,1534.47,Stormy,93.5,10.36,70.15,279.0
Oil Service Boat,Port Harcourt-Lagos,98.02,HFO,3423.18,9413.74,Calm,76.45,19.68,58.68,1711.59
Oil Service Boat,Lagos-Apapa,86.94,HFO,2094.93,5761.06,Calm,79.64,12.66,84.75,1047.46
Surfer Boat,Lagos-Apapa,79.49,Diesel,2197.54,5741.07,Moderate,80.85,24.11,67.3,1318.52
Surfer Boat,Port Harcourt-Lagos,91.03,HFO,5273.13,14501.11,Moderate,92.16,24.31,98.78,2636.56
Surfer Boat,Lagos-Apapa,84.7,HFO,4553.01,12520.78,Stormy,83.55,23.72,82.05,2276.5
Surfer Boat,Escravos-Lagos,48.8,Diesel,1108.22,2895.22,Stormy,82.01,15.55,91.12,664.93
Surfer Boat,Escravos-Lagos,151.59,Methanol,1117.63,2766.13,Calm,94.39,10.23,56.63,782.34
Surfer Boat,Port Harcourt-Lagos,144.64,LNG,7468.46,15403.7,Moderate,86.2,23.92,93.1,3360.81
Surfer Boat,Port Harcourt-Lagos,149.94,LNG,2896.21,5973.43,Calm,76.71,16.42,96.14,1303.29
Surfer Boat,Warri-Bonny,195.8,HFO,8461.66,23269.56,Moderate,77.66,24.5,74.35,4230.83
Surfer Boat,Warri-Bonny,188.8,Hydrogen,21564.81,0.0,Calm,74.89,24.45,80.31,32347.22
Surfer Boat,Port Harcourt-Lagos,59.24,Methanol,1950.46,4827.39,Moderate,71.08,22.8,88.24,1365.32
Surfer Boat,Port Harcourt-Lagos,78.33,Methanol,750.81,1858.25,Moderate,75.51,14.42,58.74,525.57
Surfer Boat,Warri-Bonny,177.1,Methanol,3009.54,7448.61,Moderate,72.19,15.78,75.13,2106.68
Oil Service Boat,Escravos-Lagos,65.09,Ammonia,4931.63,678.1,Calm,70.9,22.77,69.93,4438.47
Oil Service Boat,Port Harcourt-Lagos,80.94,LNG,2271.38,4684.72,Calm,70.28,14.75,57.32,1022.12
Oil Service Boat,Lagos-Apapa,111.83,HFO,1868.15,5137.41,Stormy,93.23,12.54,68.38,934.08
Oil Service Boat,Lagos-Apapa,144.78,LNG,4283.63,8834.99,Moderate,72.53,18.35,53.41,1927.63
Oil Service Boat,Port Harcourt-Lagos,104.87,Methanol,7578.79,18757.51,Calm,71.44,24.04,51.29,5305.15
Oil Service Boat,Lagos-Apapa,118.46,Methanol,6706.54,16598.69,Stormy,74.42,20.44,56.76,4694.58
Oil Service Boat,Port Harcourt-Lagos,142.81,LNG,9924.51,20469.3,Calm,85.88,18.55,98.16,4466.03
Oil Service Boat,Port Harcourt-Lagos,131.17,HFO,2083.46,5729.52,Stormy,92.23,11.46,77.48,1041.73
Oil Service Boat,Lagos-Apapa,58.76,Diesel,4164.24,10879.08,Calm,81.51,19.23,98.29,2498.54
Oil Service Boat,Port Harcourt-Lagos,112.1,Ammonia,12575.12,1729.08,Moderate,70.46,24.85,71.62,11317.61
Oil Service Boat,Escravos-Lagos,119.8,LNG,2390.95,4931.33,Stormy,87.11,12.1,65.59,1075.93
Oil Service Boat,Warri-Bonny,56.92,LNG,2277.14,4696.6,Stormy,87.56,17.77,75.31,1024.71
Oil Service Boat,Lagos-Apapa,58.23,Diesel,3694.01,9650.6,Moderate,77.69,23.16,71.98,2216.41
Oil Service Boat,Warri-Bonny,88.7,Diesel,3579.56,9351.6,Calm,76.97,21.11,55.28,2147.74
Oil Service Boat,Warri-Bonny,53.49,Ammonia,4718.74,648.83,Moderate,85.52,20.46,82.04,4246.87
Oil Service Boat,Warri-Bonny,103.91,LNG,4969.05,10248.67,Stormy,81.89,20.54,60.8,2236.07
Oil Service Boat,Port Harcourt-Lagos,87.17,Methanol,3615.8,8949.11,Moderate,70.69,15.39,80.98,2531.06
Oil Service Boat,Escravos-Lagos,89.54,Diesel,2583.16,6748.51,Moderate,89.57,14.4,82.51,1549.9
Oil Service Boat,Port Harcourt-Lagos,119.39,LNG,7250.88,14954.94,Calm,74.09,22.14,57.6,3262.9
Oil Service Boat,Warri-Bonny,24.39,HFO,1305.35,3589.71,Stormy,84.64,22.15,53.07,652.67
Oil Service Boat,Escravos-Lagos,126.22,Methanol,14117.23,34940.14,Calm,85.1,23.01,89.04,9882.06
Oil Service Boat,Warri-Bonny,62.68,Diesel,4510.13,11782.71,Calm,78.68,23.7,72.99,2706.08
Oil Service Boat,Lagos-Apapa,45.26,Diesel,1405.29,3671.32,Stormy,81.2,17.67,52.91,843.17
Oil Service Boat,Warri-Bonny,69.01,LNG,3752.84,7740.23,Stormy,87.39,17.52,99.74,1688.78
Tanker Ship,Lagos-Apapa,65.09,Ammonia,6153.21,846.07,Calm,94.32,21.97,52.89,5537.89
Tanker Ship,Port Harcourt-Lagos,91.8,HFO,8554.44,23524.71,Moderate,83.58,19.75,84.75,4277.22
Tanker Ship,Escravos-Lagos,149.01,Methanol,16004.62,39611.43,Moderate,91.94,20.53,99.18,11203.23
Tanker Ship,Escravos-Lagos,86.1,Diesel,7199.21,18807.94,Calm,93.93,21.94,61.96,4319.53
Tanker Ship,Port Harcourt-Lagos,485.87,Diesel,37385.82,97670.45,Moderate,90.51,23.35,57.11,22431.49
Tanker Ship,Warri-Bonny,117.2,HFO,3525.21,9694.33,Calm,93.67,15.07,56.07,1762.6
Tanker Ship,Lagos-Apapa,274.41,Diesel,9246.19,24155.67,Moderate,80.56,15.63,65.16,5547.71
Tanker Ship,Port Harcourt-Lagos,182.72,LNG,3120.51,6436.05,Moderate,93.76,11.41,55.05,1404.23
Tanker Ship,Escravos-Lagos,297.36,HFO,24287.8,66791.45,Moderate,94.48,18.67,84.61,12143.9
Tanker Ship,Warri-Bonny,242.97,Diesel,2623.26,6853.27,Calm,88.94,10.54,53.11,1573.96
Tanker Ship,Escravos-Lagos,416.14,Ammonia,31784.88,4370.42,Stormy,81.39,16.98,75.47,28606.39
Tanker Ship,Warri-Bonny,120.74,HFO,7807.95,21471.86,Calm,92.43,18.14,99.83,3903.98
Oil Service Boat,Warri-Bonny,95.41,Methanol,4132.75,10228.56,Calm,89.9,14.3,90.7,2892.92
Oil Service Boat,Escravos-Lagos,107.46,Diesel,5610.19,14656.62,Moderate,73.61,18.86,80.76,3366.11
Oil Service Boat,Escravos-Lagos,57.51,LNG,899.7,1855.63,Moderate,87.53,10.46,65.31,404.86
Oil Service Boat,Port Harcourt-Lagos,116.46,Diesel,1843.52,4816.2,Moderate,90.4,10.56,81.19,1106.11
Oil Service Boat,Warri-Bonny,20.58,HFO,1212.97,3335.67,Stormy,83.72,22.34,76.35,606.48
Oil Service Boat,Escravos-Lagos,55.38,HFO,1705.31,4689.6,Moderate,94.15,15.4,71.3,852.66
Oil Service Boat,Lagos-Apapa,116.16,HFO,1603.58,4409.84,Moderate,81.96,11.91,56.54,801.79
Oil Service Boat,Port Harcourt-Lagos,149.51,HFO,8376.5,23035.38,Calm,87.28,17.83,94.33,4188.25
Oil Service Boat,Escravos-Lagos,132.92,LNG,8544.12,17622.25,Moderate,76.15,21.55,72.49,3844.85
Oil Service Boat,Port Harcourt-Lagos,44.42,Ammonia,1127.96,155.09,Moderate,79.77,13.24,59.73,1015.16
Oil Service Boat,Warri-Bonny,99.94,Methanol,5747.85,14225.93,Moderate,75.41,19.34,68.39,4023.5
Oil Service Boat,Escravos-Lagos,40.36,LNG,680.17,1402.85,Calm,89.77,11.28,70.71,306.08
Oil Service Boat,Escravos-Lagos,116.69,HFO,2277.61,6263.43,Calm,86.27,10.78,91.38,1138.8
Oil Service Boat,Escravos-Lagos,21.11,Diesel,974.73,2546.48,Calm,81.47,17.97,86.68,584.84
Oil Service Boat,Port Harcourt-Lagos,90.67,Diesel,3978.64,10394.2,Moderate,78.9,18.11,88.47,2387.18
Oil Service Boat,Warri-Bonny,69.39,HFO,2653.14,7296.13,Calm,81.72,19.56,50.55,1326.57
Oil Service Boat,Lagos-Apapa,123.09,LNG,7861.68,16214.72,Moderate,75.15,20.89,70.81,3537.76
Oil Service Boat,Lagos-Apapa,46.3,LNG,4562.55,9410.26,Stormy,79.42,24.64,74.07,2053.15
Oil Service Boat,Port Harcourt-Lagos,79.29,Diesel,2135.87,5579.96,Stormy,74.78,17.74,50.96,1281.52
Oil Service Boat,Warri-Bonny,86.94,Diesel,1762.96,4605.73,Moderate,76.82,14.84,62.99,1057.78
Oil Service Boat,Port Harcourt-Lagos,76.14,Methanol,7134.91,17658.9,Calm,83.0,21.93,88.01,4994.44
Oil Service Boat,Escravos-Lagos,111.16,Methanol,2790.07,6905.42,Calm,75.47,14.06,56.86,1953.05
Oil Service Boat,Warri-Bonny,59.2,Diesel,2204.28,5758.68,Calm,78.75,16.58,76.77,1322.57
Oil Service Boat,Escravos-Lagos,74.35,Ammonia,1506.87,207.19,Moderate,88.16,11.18,60.76,1356.18
Oil Service Boat,Escravos-Lagos,70.18,Hydrogen,1973.02,0.0,Moderate,72.99,10.38,50.61,2959.53
Oil Service Boat,Warri-Bonny,132.71,Diesel,9187.08,24001.25,Moderate,93.17,24.44,62.06,5512.25
Oil Service Boat,Warri-Bonny,145.24,Diesel,12307.24,32152.66,Stormy,92.2,22.54,98.79,7384.34
Oil Service Boat,Escravos-Lagos,124.55,LNG,7902.58,16299.07,Calm,93.48,20.44,90.08,3556.16
Oil Service Boat,Port Harcourt-Lagos,56.62,Ammonia,3316.13,455.97,Stormy,74.2,16.13,97.98,2984.52
Oil Service Boat,Escravos-Lagos,75.4,Ammonia,2183.26,300.2,Moderate,93.2,12.6,74.39,1964.93
Oil Service Boat,Escravos-Lagos,48.44,HFO,763.08,2098.47,Moderate,89.5,12.35,55.49,381.54
Oil Service Boat,Port Harcourt-Lagos,72.18,Diesel,1876.78,4903.09,Stormy,88.48,13.75,77.4,1126.07
Oil Service Boat,Lagos-Apapa,123.37,LNG,5758.04,11875.96,Calm,73.17,18.24,72.72,2591.12
Oil Service Boat,Warri-Bonny,82.41,LNG,6652.54,13720.86,Stormy,90.0,20.72,92.22,2993.64
Oil Service Boat,Lagos-Apapa,51.36,HFO,1727.71,4751.2,Calm,83.38,19.9,54.9,863.86
Oil Service Boat,Port Harcourt-Lagos,105.32,Ammonia,4009.1,551.25,Stormy,84.24,14.2,74.41,3608.19
Surfer Boat,Escravos-Lagos,50.49,LNG,2020.54,4167.36,Calm,83.71,24.32,57.5,909.24
Surfer Boat,Escravos-Lagos,199.66,Methanol,5035.0,12461.62,Calm,93.63,21.07,66.23,3524.5
Surfer Boat,Port Harcourt-Lagos,161.15,Ammonia,5801.87,797.76,Calm,74.82,18.32,86.87,5221.68
Surfer Boat,Escravos-Lagos,176.37,Methanol,3626.91,8976.6,Calm,89.74,19.18,73.8,2538.84
Surfer Boat,Warri-Bonny,163.95,Diesel,2426.51,6339.26,Stormy,84.6,16.29,68.79,1455.91
Surfer Boat,Warri-Bonny,97.93,LNG,1033.7,2132.01,Calm,76.77,13.72,69.72,465.16
Surfer Boat,Lagos-Apapa,80.13,HFO,1167.98,3211.94,Calm,86.62,15.34,72.97,583.99
Surfer Boat,Lagos-Apapa,56.25,LNG,1987.32,4098.85,Calm,94.29,21.37,89.25,894.29
Surfer Boat,Escravos-Lagos,111.94,HFO,1211.62,3331.96,Calm,78.53,10.22,94.6,605.81
Surfer Boat,Escravos-Lagos,143.42,LNG,2287.66,4718.3,Moderate,83.18,11.74,97.77,1029.45
Surfer Boat,Lagos-Apapa,145.07,HFO,1165.72,3205.73,Calm,87.04,10.69,89.35,582.86
Surfer Boat,Escravos-Lagos,161.25,HFO,975.54,2682.73,Stormy,79.91,10.61,65.77,487.77
Oil Service Boat,Lagos-Apapa,102.75,HFO,9149.45,25160.99,Calm,85.79,22.83,84.41,4574.73
Oil Service Boat,Warri-Bonny,109.11,HFO,6230.65,17134.29,Moderate,93.53,20.55,71.88,3115.32
Oil Service Boat,Lagos-Apapa,127.94,Methanol,5067.54,12542.16,Stormy,71.19,17.11,62.73,3547.28
Oil Service Boat,Lagos-Apapa,125.84,Methanol,3170.57,7847.16,Calm,84.25,11.47,92.04,2219.4
Oil Service Boat,Lagos-Apapa,46.93,LNG,1412.4,2913.08,Stormy,86.05,17.37,51.92,635.58
Oil Service Boat,Port Harcourt-Lagos,73.36,HFO,3448.63,9483.73,Moderate,82.87,17.1,95.09,1724.32
Oil Service Boat,Lagos-Apapa,45.85,HFO,845.03,2323.83,Stormy,84.61,12.6,73.07,422.52
Oil Service Boat,Port Harcourt-Lagos,85.2,HFO,3814.22,10489.1,Moderate,78.68,16.51,81.86,1907.11
Oil Service Boat,Port Harcourt-Lagos,148.29,HFO,6007.55,16520.76,Calm,92.02,15.98,82.97,3003.78
Oil Service Boat,Lagos-Apapa,37.16,Ammonia,3499.37,481.16,Calm,72.66,19.24,94.76,3149.43
Oil Service Boat,Port Harcourt-Lagos,111.21,HFO,6895.57,18962.82,Calm,91.23,19.53,81.83,3447.78
Oil Service Boat,Port Harcourt-Lagos,125.81,Diesel,2136.89,5582.63,Stormy,79.42,10.68,80.7,1282.13
Fishing Trawler,Port Harcourt-Lagos,178.42,HFO,3414.67,9390.34,Calm,72.05,15.62,53.33,1707.34
Fishing Trawler,Lagos-Apapa,116.18,HFO,5327.47,14650.54,Stormy,78.21,19.39,75.92,2663.74
Fishing Trawler,Port Harcourt-Lagos,52.83,LNG,1465.0,3021.56,Calm,89.61,17.55,57.51,659.25
Fishing Trawler,Lagos-Apapa,197.35,LNG,12080.15,24915.31,Stormy,75.81,22.85,86.87,5436.07
Fishing Trawler,Lagos-Apapa,90.8,HFO,3848.86,10584.36,Calm,72.58,19.88,75.61,1924.43
Fishing Trawler,Port Harcourt-Lagos,159.71,HFO,2797.14,7692.13,Calm,73.67,12.44,84.01,1398.57
Fishing Trawler,Warri-Bonny,56.54,Diesel,458.47,1197.75,Moderate,88.14,11.06,52.08,275.08
Fishing Trawler,Escravos-Lagos,169.72,HFO,6308.54,17348.48,Moderate,79.06,19.64,54.24,3154.27
Fishing Trawler,Warri-Bonny,84.41,HFO,951.73,2617.26,Stormy,93.28,10.4,85.82,475.86
Fishing Trawler,Escravos-Lagos,104.55,Hydrogen,8348.73,0.0,Calm,75.67,18.79,53.6,12523.1
Fishing Trawler,Warri-Bonny,184.31,LNG,9542.37,19681.14,Calm,80.53,24.1,53.56,4294.07
Fishing Trawler,Escravos-Lagos,192.57,LNG,4523.57,9329.86,Stormy,93.98,18.63,50.61,2035.61
Fishing Trawler,Lagos-Apapa,119.07,Diesel,4658.11,12169.31,Calm,83.56,15.82,97.83,2794.87
Fishing Trawler,Warri-Bonny,142.02,Diesel,6098.4,15932.07,Stormy,70.44,19.65,86.88,3659.04
Fishing Trawler,Escravos-Lagos,153.6,LNG,4925.91,10159.69,Calm,84.44,16.87,67.66,2216.66
Fishing Trawler,Warri-Bonny,173.93,LNG,6115.52,12613.26,Stormy,94.59,18.18,64.83,2751.98
Fishing Trawler,Port Harcourt-Lagos,132.95,Methanol,10877.34,26921.42,Moderate,73.91,24.12,67.49,7614.14
Fishing Trawler,Warri-Bonny,163.94,HFO,5404.74,14863.04,Moderate,85.64,15.79,88.73,2702.37
Fishing Trawler,Warri-Bonny,112.35,LNG,9455.87,19502.73,Stormy,84.84,24.42,83.07,4255.14
Fishing Trawler,Escravos-Lagos,127.69,Diesel,5122.28,13381.96,Calm,84.43,23.58,59.26,3073.37
Fishing Trawler,Lagos-Apapa,195.73,Ammonia,3625.58,498.52,Calm,71.63,12.94,58.71,3263.02
Fishing Trawler,Lagos-Apapa,90.3,LNG,825.17,1701.91,Calm,81.8,11.04,54.92,371.33
Fishing Trawler,Escravos-Lagos,85.73,LNG,1743.99,3596.98,Stormy,78.56,11.51,83.02,784.8
Fishing Trawler,Port Harcourt-Lagos,120.54,HFO,1729.96,4757.39,Calm,71.47,10.27,88.22,864.98
Tanker Ship,Port Harcourt-Lagos,453.14,LNG,11809.01,24356.08,Stormy,70.12,11.42,63.25,5314.05
Tanker Ship,Port Harcourt-Lagos,396.65,HFO,23756.11,65329.3,Calm,78.79,20.25,51.05,11878.06
Tanker Ship,Port Harcourt-Lagos,280.92,Diesel,5081.17,13274.56,Moderate,77.26,11.07,54.11,3048.7
Tanker Ship,Escravos-Lagos,404.44,HFO,21098.94,58022.08,Moderate,76.19,14.78,98.39,10549.47
Tanker Ship,Escravos-Lagos,348.93,LNG,36712.71,75719.96,Calm,88.55,22.67,64.77,16520.72
Tanker Ship,Port Harcourt-Lagos,317.2,HFO,6043.91,16620.75,Stormy,86.21,10.35,88.46,3021.96
Tanker Ship,Lagos-Apapa,276.72,Diesel,26901.1,70279.12,Calm,77.02,22.22,81.23,16140.66
Tanker Ship,Escravos-Lagos,111.72,Ammonia,4757.34,654.13,Stormy,74.78,14.23,69.1,4281.61
Tanker Ship,Port Harcourt-Lagos,136.97,HFO,2342.42,6441.66,Moderate,87.94,11.77,60.28,1171.21
Tanker Ship,Port Harcourt-Lagos,74.78,LNG,4837.47,9977.28,Moderate,86.11,20.45,56.07,2176.86
Tanker Ship,Warri-Bonny,183.77,Diesel,11695.6,30554.76,Calm,81.98,19.43,80.75,7017.36
Tanker Ship,Lagos-Apapa,129.96,HFO,13852.34,38093.94,Calm,78.55,23.16,88.73,6926.17
Oil Service Boat,Lagos-Apapa,42.22,Methanol,3092.11,7652.97,Stormy,90.64,21.03,82.2,2164.48
Oil Service Boat,Warri-Bonny,122.92,HFO,9031.64,24837.01,Calm,84.81,22.05,76.52,4515.82
Oil Service Boat,Lagos-Apapa,41.3,Diesel,802.49,2096.51,Calm,84.66,14.23,52.1,481.49
Oil Service Boat,Escravos-Lagos,76.21,LNG,2438.07,5028.52,Calm,78.01,12.66,98.42,1097.13
Oil Service Boat,Lagos-Apapa,128.17,LNG,8803.1,18156.39,Calm,88.53,21.26,89.94,3961.4
Oil Service Boat,Escravos-Lagos,117.24,LNG,7265.53,14985.16,Stormy,93.33,22.1,64.64,3269.49
Oil Service Boat,Escravos-Lagos,91.81,Diesel,9406.77,24575.19,Stormy,77.8,24.86,99.0,5644.06
Oil Service Boat,Lagos-Apapa,30.59,HFO,1101.02,3027.8,Calm,94.09,16.19,80.09,550.51
Oil Service Boat,Escravos-Lagos,65.41,Methanol,3010.61,7451.26,Calm,81.55,15.58,79.12,2107.43
Oil Service Boat,Lagos-Apapa,127.82,LNG,11623.02,23972.48,Calm,89.58,21.65,87.4,5230.36
Oil Service Boat,Lagos-Apapa,46.73,Methanol,1954.51,4837.41,Calm,85.59,15.11,90.59,1368.16
Oil Service Boat,Lagos-Apapa,87.8,Methanol,9776.36,24196.49,Calm,88.64,23.96,82.82,6843.45
Surfer Boat,Warri-Bonny,133.7,Methanol,4318.65,10688.66,Moderate,93.82,22.88,56.4,3023.05
Surfer Boat,Lagos-Apapa,45.96,Diesel,669.01,1747.79,Moderate,71.33,16.43,66.91,401.41
Surfer Boat,Port Harcourt-Lagos,46.16,Diesel,1251.26,3268.92,Calm,82.52,21.26,96.4,750.76
Surfer Boat,Lagos-Apapa,102.86,Methanol,2290.14,5668.1,Calm,78.44,21.32,61.23,1603.1
Surfer Boat,Escravos-Lagos,130.82,Diesel,1193.88,3119.01,Moderate,88.72,11.55,68.61,716.33
Surfer Boat,Port Harcourt-Lagos,183.03,HFO,6248.32,17182.88,Moderate,71.2,23.54,71.6,3124.16
Surfer Boat,Escravos-Lagos,107.69,Ammonia,2392.6,328.98,Calm,79.2,17.58,71.97,2153.34
Surfer Boat,Escravos-Lagos,190.55,Ammonia,8211.75,1129.12,Calm,84.11,22.4,80.65,7390.58
Surfer Boat,Port Harcourt-Lagos,138.38,Diesel,2491.55,6509.17,Stormy,82.93,14.8,97.15,1494.93
Surfer Boat,Escravos-Lagos,99.72,HFO,3833.91,10543.25,Moderate,77.37,23.43,62.03,1916.96
Surfer Boat,Port Harcourt-Lagos,35.57,Diesel,325.68,850.84,Moderate,94.45,15.84,56.08,195.41
Surfer Boat,Warri-Bonny,158.83,Methanol,756.2,1871.6,Stormy,81.66,10.16,59.87,529.34
Fishing Trawler,Port Harcourt-Lagos,181.72,Ammonia,21577.02,2966.84,Calm,88.51,23.58,94.35,19419.32
Fishing Trawler,Escravos-Lagos,124.67,HFO,1775.52,4882.68,Moderate,70.01,11.37,82.29,887.76
Fishing Trawler,Port Harcourt-Lagos,132.46,HFO,2788.32,7667.88,Calm,93.83,14.79,64.3,1394.16
Fishing Trawler,Warri-Bonny,170.88,Ammonia,21482.3,2953.82,Calm,83.08,24.25,90.8,19334.07
Fishing Trawler,Lagos-Apapa,127.75,Diesel,9072.72,23702.48,Moderate,76.28,24.26,93.07,5443.63
Fishing Trawler,Port Harcourt-Lagos,190.58,LNG,10705.2,22079.48,Moderate,92.18,18.6,92.33,4817.34
Fishing Trawler,Port Harcourt-Lagos,92.16,Hydrogen,11883.74,0.0,Stormy,73.02,19.48,95.95,17825.61
Fishing Trawler,Warri-Bonny,100.91,HFO,3130.64,8609.26,Moderate,84.56,16.73,62.61,1565.32
Fishing Trawler,Escravos-Lagos,182.15,LNG,5692.18,11740.12,Calm,75.62,14.4,87.75,2561.48
Fishing Trawler,Port Harcourt-Lagos,100.77,HFO,2437.69,6703.65,Stormy,91.51,14.93,73.03,1218.84
Fishing Trawler,Port Harcourt-Lagos,75.6,Diesel,3665.07,9575.0,Calm,70.31,20.09,92.1,2199.04
Fishing Trawler,Warri-Bonny,78.12,Methanol,5994.2,14835.64,Moderate,85.31,21.29,86.42,4195.94
Tanker Ship,Escravos-Lagos,448.32,Diesel,44853.7,117180.29,Calm,86.66,21.87,88.82,26912.22
Tanker Ship,Escravos-Lagos,165.73,Hydrogen,37357.91,0.0,Calm,75.4,21.84,82.81,56036.87
Tanker Ship,Escravos-Lagos,254.38,LNG,5505.75,11355.61,Stormy,71.52,11.37,58.87,2477.59
Tanker Ship,Escravos-Lagos,96.41,Diesel,4773.81,12471.58,Calm,76.33,17.42,77.25,2864.29
Tanker Ship,Warri-Bonny,476.75,HFO,12094.65,33260.29,Stormy,90.34,10.86,99.23,6047.32
Tanker Ship,Lagos-Apapa,467.87,Diesel,35858.75,93680.98,Moderate,91.08,18.24,96.87,21515.25
Tanker Ship,Lagos-Apapa,202.99,Diesel,5322.01,13903.75,Moderate,91.05,16.62,52.16,3193.21
Tanker Ship,Lagos-Apapa,413.97,HFO,33854.31,93099.35,Moderate,80.29,23.32,58.24,16927.16
Tanker Ship,Port Harcourt-Lagos,218.58,Diesel,6895.14,18013.55,Stormy,88.52,15.26,56.59,4137.08
Tanker Ship,Escravos-Lagos,125.02,Diesel,3261.42,8520.46,Stormy,89.07,11.76,86.3,1956.85
Tanker Ship,Lagos-Apapa,327.54,Methanol,11393.18,28198.12,Moderate,72.98,12.14,90.89,7975.23
Tanker Ship,Escravos-Lagos,414.72,LNG,36000.75,74251.55,Calm,71.18,21.42,60.68,16200.34
Tanker Ship,Lagos-Apapa,253.43,Methanol,19673.72,48692.46,Calm,93.17,19.27,75.29,13771.6
Tanker Ship,Escravos-Lagos,375.73,HFO,11783.94,32405.84,Calm,78.49,11.52,92.04,5891.97
Tanker Ship,Lagos-Apapa,446.28,HFO,11926.44,32797.71,Moderate,72.02,11.26,86.64,5963.22
Tanker Ship,Port Harcourt-Lagos,408.65,LNG,39805.79,82099.44,Stormy,86.22,20.51,77.11,17912.61
Tanker Ship,Port Harcourt-Lagos,379.02,Diesel,10119.14,26436.25,Moderate,85.81,11.09,79.52,6071.48
Tanker Ship,Port Harcourt-Lagos,366.05,HFO,32949.77,90611.87,Calm,71.11,22.33,75.42,16474.88
Tanker Ship,Port Harcourt-Lagos,495.5,Methanol,45124.1,111682.15,Calm,92.07,20.59,64.88,31586.87
Tanker Ship,Lagos-Apapa,72.89,Methanol,2206.78,5461.78,Stormy,73.5,11.22,78.25,1544.75
Tanker Ship,Escravos-Lagos,116.18,LNG,3356.41,6922.6,Stormy,78.94,11.27,84.44,1510.38
Tanker Ship,Lagos-Apapa,195.05,HFO,20749.14,57060.13,Stormy,78.62,24.8,93.67,10374.57
Tanker Ship,Lagos-Apapa,250.25,Methanol,14097.35,34890.94,Moderate,85.52,15.61,81.81,9868.14
Tanker Ship,Port Harcourt-Lagos,381.18,LNG,18435.13,38022.46,Stormy,85.25,15.56,88.06,8295.81
Oil Service Boat,Port Harcourt-Lagos,59.55,Methanol,3119.38,7720.47,Stormy,89.63,22.19,58.0,2183.57
Oil Service Boat,Lagos-Apapa,131.76,Methanol,12829.02,31751.82,Moderate,88.94,24.21,73.08,8980.31
Oil Service Boat,Warri-Bonny,117.17,Methanol,6872.25,17008.82,Calm,82.46,24.79,50.47,4810.58
Oil Service Boat,Lagos-Apapa,29.45,LNG,1840.21,3795.43,Moderate,88.05,21.3,62.33,828.09
Oil Service Boat,Lagos-Apapa,33.08,HFO,1234.69,3395.4,Calm,84.66,15.64,86.32,617.34
Oil Service Boat,Port Harcourt-Lagos,106.45,LNG,2897.02,5975.1,Calm,83.93,11.25,99.59,1303.66
Oil Service Boat,Port Harcourt-Lagos,33.06,LNG,1460.6,3012.49,Moderate,94.67,21.66,54.96,657.27
Oil Service Boat,Warri-Bonny,102.12,Methanol,4659.55,11532.39,Moderate,75.02,18.38,70.07,3261.68
Oil Service Boat,Port Harcourt-Lagos,33.56,HFO,1441.5,3964.12,Moderate,87.28,16.36,90.0,720.75
Oil Service Boat,Escravos-Lagos,106.87,HFO,7383.43,20304.43,Calm,93.4,23.6,60.2,3691.72
Oil Service Boat,Port Harcourt-Lagos,40.59,Ammonia,1048.36,144.15,Calm,85.01,11.67,77.75,943.52
Oil Service Boat,Warri-Bonny,127.42,Methanol,8251.99,20423.68,Calm,91.41,17.39,86.65,5776.39
Fishing Trawler,Escravos-Lagos,144.44,Ammonia,2931.4,403.07,Calm,71.52,10.17,80.8,2638.26
Fishing Trawler,Lagos-Apapa,187.48,Methanol,5932.26,14682.34,Moderate,86.07,17.03,59.4,4152.58
Fishing Trawler,Lagos-Apapa,191.49,LNG,2446.83,5046.59,Stormy,83.45,10.84,67.77,1101.07
Fishing Trawler,Port Harcourt-Lagos,193.79,LNG,4185.64,8632.88,Moderate,79.68,11.78,89.19,1883.54
Fishing Trawler,Port Harcourt-Lagos,167.56,Ammonia,4426.95,608.71,Calm,72.25,11.76,77.71,3984.26
Fishing Trawler,Lagos-Apapa,88.41,LNG,2618.96,5401.6,Stormy,87.44,19.74,50.26,1178.53
Fishing Trawler,Warri-Bonny,64.28,LNG,3569.18,7361.43,Moderate,81.44,21.19,88.05,1606.13
Fishing Trawler,Port Harcourt-Lagos,96.34,HFO,2868.77,7889.12,Moderate,75.07,18.75,51.77,1434.38
Fishing Trawler,Escravos-Lagos,93.19,Diesel,6619.58,17293.65,Stormy,77.69,24.43,87.29,3971.75
Fishing Trawler,Lagos-Apapa,154.83,Methanol,3706.87,9174.5,Moderate,77.42,15.62,60.12,2594.81
Fishing Trawler,Port Harcourt-Lagos,57.27,Diesel,1356.53,3543.93,Calm,70.76,14.29,97.9,813.92
Fishing Trawler,Escravos-Lagos,105.25,HFO,6391.26,17575.96,Stormy,82.3,23.03,68.4,3195.63
Fishing Trawler,Lagos-Apapa,95.26,Diesel,1824.37,4766.17,Stormy,81.09,13.35,66.35,1094.62
Fishing Trawler,Warri-Bonny,181.2,HFO,10895.42,29962.4,Calm,72.3,24.45,57.44,5447.71
Fishing Trawler,Port Harcourt-Lagos,177.71,HFO,1454.54,3999.98,Stormy,70.12,10.18,65.28,727.27
Fishing Trawler,Port Harcourt-Lagos,60.04,Diesel,5150.88,13456.67,Moderate,71.53,24.55,93.83,3090.53
Fishing Trawler,Warri-Bonny,88.93,Ammonia,2470.57,339.7,Moderate,78.2,10.65,99.82,2223.51
Fishing Trawler,Escravos-Lagos,181.58,LNG,10882.79,22445.75,Calm,89.95,23.37,68.42,4897.26
Fishing Trawler,Escravos-Lagos,132.0,HFO,4897.4,13467.85,Stormy,78.94,17.92,72.43,2448.7
Fishing Trawler,Warri-Bonny,167.28,HFO,14142.42,38891.66,Moderate,88.66,24.89,86.1,7071.21
Fishing Trawler,Lagos-Apapa,194.52,LNG,4219.46,8702.64,Moderate,79.52,11.11,94.31,1898.76
Fishing Trawler,Port Harcourt-Lagos,168.83,Diesel,6890.52,18001.48,Calm,90.81,18.31,79.65,4134.31
Fishing Trawler,Lagos-Apapa,66.86,Methanol,4121.12,10199.77,Calm,94.9,24.54,69.58,2884.78
Fishing Trawler,Warri-Bonny,157.08,LNG,5311.82,10955.63,Calm,91.89,17.85,70.63,2390.32
Oil Service Boat,Warri-Bonny,138.57,Methanol,8900.8,22029.48,Stormy,86.99,19.44,84.78,6230.56
Oil Service Boat,Warri-Bonny,87.13,Diesel,3142.47,8209.7,Moderate,92.24,20.44,50.16,1885.48
Oil Service Boat,Escravos-Lagos,40.22,LNG,2014.67,4155.26,Calm,81.25,16.82,80.98,906.6
Oil Service Boat,Lagos-Apapa,102.82,Diesel,4674.96,12213.33,Stormy,78.2,19.41,67.77,2804.98
Oil Service Boat,Port Harcourt-Lagos,59.81,Ammonia,4081.97,561.27,Stormy,74.43,18.76,89.71,3673.77
Oil Service Boat,Port Harcourt-Lagos,88.01,LNG,5153.2,10628.47,Calm,84.21,23.52,54.65,2318.94
Oil Service Boat,Warri-Bonny,34.72,Diesel,481.68,1258.39,Calm,75.21,10.68,79.41,289.01
Oil Service Boat,Port Harcourt-Lagos,83.88,Diesel,1946.25,5084.58,Calm,81.38,14.21,74.05,1167.75
Oil Service Boat,Warri-Bonny,28.8,HFO,2518.91,6927.0,Moderate,74.63,24.26,82.12,1259.46
Oil Service Boat,Warri-Bonny,94.37,LNG,5371.08,11077.85,Calm,83.82,23.35,53.24,2416.99
Oil Service Boat,Port Harcourt-Lagos,42.76,HFO,1966.8,5408.7,Moderate,90.1,16.83,79.0,983.4
Oil Service Boat,Escravos-Lagos,27.68,LNG,1348.06,2780.37,Calm,75.02,19.3,78.07,606.63
Tanker Ship,Escravos-Lagos,52.87,Diesel,2248.72,5874.78,Calm,81.6,14.16,78.03,1349.23
Tanker Ship,Port Harcourt-Lagos,385.78,LNG,15187.37,31323.95,Calm,75.93,12.82,80.17,6834.32
Tanker Ship,Escravos-Lagos,52.64,Methanol,3567.13,8828.65,Stormy,73.7,16.96,83.82,2496.99
Tanker Ship,Lagos-Apapa,82.52,Methanol,4078.88,10095.23,Moderate,74.18,15.3,90.25,2855.22
Tanker Ship,Port Harcourt-Lagos,261.04,Methanol,18469.45,45711.89,Moderate,93.04,18.75,63.49,12928.62
Tanker Ship,Port Harcourt-Lagos,334.93,HFO,10166.47,27957.79,Moderate,83.98,11.17,91.25,5083.23
Tanker Ship,Warri-Bonny,420.75,HFO,46446.09,127726.75,Stormy,70.11,24.62,74.91,23223.04
Tanker Ship,Lagos-Apapa,214.34,LNG,22661.85,46740.07,Stormy,83.06,24.79,53.85,10197.83
Tanker Ship,Warri-Bonny,75.25,Diesel,2921.13,7631.45,Stormy,74.1,20.47,52.93,1752.68
Tanker Ship,Lagos-Apapa,222.44,Diesel,10559.12,27585.7,Moderate,71.64,18.04,66.71,6335.47
Tanker Ship,Lagos-Apapa,138.63,HFO,5831.65,16037.04,Moderate,77.61,14.64,89.24,2915.82
Tanker Ship,Escravos-Lagos,279.1,Diesel,21875.04,57148.54,Stormy,82.94,22.21,85.38,13125.02
Surfer Boat,Warri-Bonny,104.31,HFO,2876.23,7909.63,Calm,76.5,20.27,89.43,1438.12
Surfer Boat,Port Harcourt-Lagos,112.46,Ammonia,1760.69,242.09,Stormy,70.83,12.44,75.86,1584.62
Surfer Boat,Port Harcourt-Lagos,169.38,HFO,5703.46,15684.52,Stormy,70.11,23.66,72.01,2851.73
Surfer Boat,Warri-Bonny,22.13,LNG,470.81,971.05,Moderate,86.52,22.34,57.37,211.86
Surfer Boat,Warri-Bonny,44.26,HFO,1481.11,4073.05,Calm,87.98,24.25,66.41,740.56
Surfer Boat,Lagos-Apapa,26.44,LNG,637.86,1315.59,Calm,74.41,20.89,71.7,287.04
Surfer Boat,Warri-Bonny,174.74,Diesel,3479.6,9090.46,Stormy,74.19,19.2,54.43,2087.76
Surfer Boat,Port Harcourt-Lagos,81.98,Ammonia,1777.68,244.43,Moderate,77.44,16.27,61.03,1599.91
Surfer Boat,Lagos-Apapa,85.8,Ammonia,5448.04,749.11,Calm,82.28,23.99,79.91,4903.24
Surfer Boat,Port Harcourt-Lagos,190.75,Diesel,7807.52,20397.15,Stormy,73.54,22.99,86.78,4684.51
Surfer Boat,Port Harcourt-Lagos,134.05,Ammonia,1872.84,257.52,Calm,90.85,10.68,99.92,1685.56
Surfer Boat,Warri-Bonny,34.25,Hydrogen,974.89,0.0,Calm,70.79,10.4,96.66,1462.34
Fishing Trawler,Escravos-Lagos,123.45,Methanol,3746.71,9273.11,Stormy,80.13,15.65,82.13,2622.7
Fishing Trawler,Lagos-Apapa,136.29,Methanol,9782.74,24212.28,Stormy,72.15,22.16,71.06,6847.92
Fishing Trawler,Warri-Bonny,151.68,HFO,12246.2,33677.05,Stormy,92.66,24.81,81.81,6123.1
Fishing Trawler,Lagos-Apapa,146.62,LNG,3607.47,7440.41,Stormy,78.8,12.26,89.28,1623.36
Fishing Trawler,Lagos-Apapa,156.44,HFO,4043.35,11119.21,Stormy,84.18,18.91,55.92,2021.68
Fishing Trawler,Lagos-Apapa,166.63,HFO,3865.34,10629.69,Calm,83.51,15.71,70.5,1932.67
Fishing Trawler,Escravos-Lagos,187.79,Hydrogen,34867.48,0.0,Moderate,71.37,24.55,91.99,52301.22
Fishing Trawler,Port Harcourt-Lagos,172.54,Diesel,6885.38,17988.06,Stormy,74.65,22.63,69.19,4131.23
Fishing Trawler,Port Harcourt-Lagos,51.37,Methanol,2956.33,7316.92,Calm,82.74,22.57,78.59,2069.43
Fishing Trawler,Warri-Bonny,159.31,Methanol,6846.37,16944.77,Stormy,91.25,17.03,79.39,4792.46
Fishing Trawler,Port Harcourt-Lagos,100.03,Ammonia,3482.83,478.89,Stormy,81.29,16.22,59.22,3134.55
Fishing Trawler,Escravos-Lagos,124.4,Hydrogen,5789.01,0.0,Moderate,81.96,14.1,68.11,8683.52
Oil Service Boat,Escravos-Lagos,125.96,HFO,1560.45,4291.24,Stormy,78.68,10.85,66.73,780.22
Oil Service Boat,Lagos-Apapa,23.49,HFO,1051.25,2890.94,Moderate,83.47,22.97,51.31,525.62
Oil Service Boat,Escravos-Lagos,72.74,Diesel,2720.49,7107.28,Calm,88.54,22.19,51.21,1632.29
Oil Service Boat,Port Harcourt-Lagos,81.24,HFO,9489.01,26094.78,Calm,75.91,25.0,91.58,4744.5
Oil Service Boat,Escravos-Lagos,46.28,HFO,3095.14,8511.64,Stormy,79.85,24.95,63.65,1547.57
Oil Service Boat,Escravos-Lagos,63.33,Diesel,2734.77,7144.59,Stormy,75.03,18.33,75.9,1640.86
Oil Service Boat,Lagos-Apapa,118.26,Methanol,8328.37,20612.72,Moderate,86.78,21.53,64.94,5829.86
Oil Service Boat,Port Harcourt-Lagos,120.63,LNG,13067.25,26951.2,Stormy,72.32,24.17,97.03,5880.26
Oil Service Boat,Port Harcourt-Lagos,22.89,Diesel,1243.91,3249.71,Stormy,81.46,22.74,62.96,746.35
Oil Service Boat,Port Harcourt-Lagos,120.7,LNG,2919.7,6021.88,Stormy,85.24,13.71,71.48,1313.86
Oil Service Boat,Lagos-Apapa,79.61,HFO,3838.15,10554.91,Stormy,89.58,16.76,93.64,1919.08
Oil Service Boat,Warri-Bonny,44.43,HFO,877.98,2414.45,Calm,74.45,11.94,92.1,438.99
Oil Service Boat,Escravos-Lagos,62.94,Methanol,5283.23,13075.99,Moderate,80.19,24.31,59.31,3698.26
Oil Service Boat,Escravos-Lagos,114.25,LNG,6241.1,12872.27,Calm,91.73,19.09,90.13,2808.5
Oil Service Boat,Lagos-Apapa,117.37,Methanol,2962.37,7331.87,Stormy,87.14,13.43,72.91,2073.66
Oil Service Boat,Port Harcourt-Lagos,96.98,HFO,5408.37,14873.02,Moderate,91.53,20.08,74.15,2704.18
Oil Service Boat,Port Harcourt-Lagos,60.5,Methanol,2434.53,6025.46,Calm,82.93,19.27,56.67,1704.17
Oil Service Boat,Lagos-Apapa,32.84,LNG,714.32,1473.28,Calm,70.84,15.37,54.03,321.44
Oil Service Boat,Port Harcourt-Lagos,58.81,LNG,1156.11,2384.48,Stormy,91.68,11.7,86.4,520.25
Oil Service Boat,Port Harcourt-Lagos,141.59,LNG,8395.67,17316.07,Moderate,84.19,20.07,74.82,3778.05
Oil Service Boat,Escravos-Lagos,107.64,Ammonia,7027.55,966.29,Moderate,92.58,17.8,71.84,6324.8
Oil Service Boat,Lagos-Apapa,102.83,LNG,9130.71,18832.09,Calm,79.47,21.58,86.48,4108.82
Oil Service Boat,Lagos-Apapa,109.78,LNG,5215.5,10756.97,Calm,85.97,17.8,88.28,2346.98
Oil Service Boat,Lagos-Apapa,99.0,Hydrogen,13523.27,0.0,Stormy,80.59,22.78,57.95,20284.9
Surfer Boat,Lagos-Apapa,124.39,Methanol,2589.28,6408.47,Calm,76.43,18.28,80.51,1812.5
Surfer Boat,Lagos-Apapa,35.49,Diesel,663.47,1733.32,Calm,85.55,18.41,56.77,398.08
Surfer Boat,Lagos-Apapa,29.82,Methanol,1175.93,2910.43,Calm,90.36,23.15,87.57,823.15
Surfer Boat,Warri-Bonny,22.93,Diesel,526.11,1374.46,Calm,82.63,16.05,82.85,315.67
Surfer Boat,Lagos-Apapa,106.39,HFO,1694.62,4660.2,Stormy,83.92,12.01,97.83,847.31
Surfer Boat,Port Harcourt-Lagos,41.39,LNG,217.07,447.71,Stormy,91.94,10.43,53.45,97.68
Surfer Boat,Port Harcourt-Lagos,169.27,Ammonia,5361.83,737.25,Moderate,74.52,21.33,52.85,4825.65
Surfer Boat,Warri-Bonny,26.02,Ammonia,809.79,111.35,Calm,75.74,19.3,64.11,728.81
Surfer Boat,Lagos-Apapa,75.76,Diesel,2259.92,5904.04,Stormy,84.86,20.56,63.09,1355.95
Surfer Boat,Lagos-Apapa,168.63,LNG,1247.77,2573.53,Moderate,82.94,13.19,62.35,561.5
Surfer Boat,Lagos-Apapa,110.94,HFO,938.4,2580.6,Moderate,75.44,12.05,95.31,469.2
Surfer Boat,Lagos-Apapa,122.78,Hydrogen,1809.29,0.0,Moderate,80.26,10.22,62.48,2713.94
Tanker Ship,Warri-Bonny,433.21,Hydrogen,33290.55,0.0,Stormy,88.87,15.26,63.6,49935.82
Tanker Ship,Port Harcourt-Lagos,334.98,LNG,28729.83,59255.27,Calm,90.46,18.85,87.97,12928.42
Tanker Ship,Escravos-Lagos,481.76,Methanol,20810.7,51506.48,Moderate,75.13,15.88,72.49,14567.49
Tanker Ship,Escravos-Lagos,402.08,Methanol,31027.88,76794.0,Stormy,91.76,16.56,88.84,21719.52
Tanker Ship,Lagos-Apapa,297.05,LNG,26103.9,53839.29,Moderate,85.4,23.56,53.27,11746.76
Tanker Ship,Escravos-Lagos,443.05,HFO,14092.3,38753.82,Moderate,89.42,15.22,74.38,7046.15
Tanker Ship,Lagos-Apapa,487.89,Diesel,21447.46,56031.49,Calm,76.15,17.71,51.68,12868.48
Tanker Ship,Lagos-Apapa,95.46,LNG,5502.91,11349.75,Stormy,71.27,21.75,53.13,2476.31
Tanker Ship,Escravos-Lagos,91.92,LNG,6709.44,13838.22,Calm,85.46,15.95,95.32,3019.25
Tanker Ship,Escravos-Lagos,419.53,Diesel,15241.24,39817.74,Calm,75.05,19.33,56.96,9144.74
Tanker Ship,Port Harcourt-Lagos,145.54,Ammonia,19546.24,2687.61,Moderate,81.18,22.94,76.62,17591.62
Tanker Ship,Escravos-Lagos,413.22,HFO,36186.23,99512.13,Moderate,91.25,24.24,70.55,18093.12
Tanker Ship,Escravos-Lagos,451.7,LNG,14296.14,29485.79,Stormy,91.18,12.21,67.37,6433.26
Tanker Ship,Warri-Bonny,85.88,LNG,9648.69,19900.42,Moderate,71.33,23.9,94.99,4341.91
Tanker Ship,Port Harcourt-Lagos,413.41,LNG,19308.86,39824.52,Moderate,77.7,17.38,51.09,8688.99
Tanker Ship,Port Harcourt-Lagos,401.31,LNG,19854.69,40950.3,Stormy,74.27,13.87,83.19,8934.61
Tanker Ship,Warri-Bonny,90.09,Diesel,4620.76,12071.74,Calm,78.3,16.89,98.17,2772.46
Tanker Ship,Port Harcourt-Lagos,443.98,HFO,38087.84,104741.56,Calm,73.5,24.7,78.01,19043.92
Tanker Ship,Port Harcourt-Lagos,209.07,LNG,18983.93,39154.36,Calm,88.15,17.39,96.84,8542.77
Tanker Ship,Warri-Bonny,257.09,LNG,6573.13,13557.08,Stormy,86.41,14.93,52.61,2957.91
Tanker Ship,Port Harcourt-Lagos,300.22,HFO,22020.82,60557.26,Stormy,83.63,19.5,70.94,11010.41
Tanker Ship,Lagos-Apapa,81.86,Methanol,3337.57,8260.49,Moderate,81.01,13.6,63.01,2336.3
Tanker Ship,Port Harcourt-Lagos,139.61,Diesel,2775.49,7250.97,Stormy,77.59,11.14,86.54,1665.29
Tanker Ship,Escravos-Lagos,183.15,LNG,6811.24,14048.18,Moderate,89.37,11.93,99.06,3065.06
Fishing Trawler,Port Harcourt-Lagos,160.56,Methanol,2668.4,6604.29,Calm,82.24,11.92,62.83,1867.88
Fishing Trawler,Escravos-Lagos,145.81,HFO,2627.26,7224.96,Calm,89.97,12.28,82.71,1313.63
Fishing Trawler,Port Harcourt-Lagos,96.41,HFO,1328.92,3654.53,Stormy,91.61,12.08,59.9,664.46
Fishing Trawler,Lagos-Apapa,158.06,Methanol,8210.57,20321.16,Stormy,83.93,19.61,78.27,5747.4
Fishing Trawler,Warri-Bonny,53.29,LNG,1125.49,2321.32,Calm,71.48,12.73,73.2,506.47
Fishing Trawler,Lagos-Apapa,85.31,LNG,3537.15,7295.37,Stormy,72.96,15.19,98.6,1591.72
Fishing Trawler,Port Harcourt-Lagos,165.1,Methanol,11033.97,27309.08,Calm,84.45,23.45,80.43,7723.78
Fishing Trawler,Lagos-Apapa,101.36,Methanol,3022.88,7481.63,Stormy,77.68,17.11,67.48,2116.02
Fishing Trawler,Lagos-Apapa,153.14,Hydrogen,10617.01,0.0,Moderate,74.69,20.01,55.7,15925.52
Fishing Trawler,Lagos-Apapa,120.46,LNG,2103.35,4338.16,Stormy,90.81,12.58,57.56,946.51
Fishing Trawler,Port Harcourt-Lagos,181.21,Diesel,2684.74,7013.88,Calm,88.54,12.88,61.27,1610.84
Fishing Trawler,Warri-Bonny,120.73,Diesel,1253.11,3273.75,Stormy,88.49,10.61,62.55,751.87
Surfer Boat,Escravos-Lagos,182.3,HFO,2281.47,6274.04,Stormy,73.37,12.53,92.53,1140.73
Surfer Boat,Lagos-Apapa,129.98,LNG,1962.28,4047.2,Stormy,82.94,14.18,78.06,883.03
Surfer Boat,Port Harcourt-Lagos,70.79,Diesel,598.77,1564.29,Stormy,73.47,12.66,76.17,359.26
Surfer Boat,Port Harcourt-Lagos,61.06,Ammonia,448.74,61.7,Calm,70.52,11.33,55.74,403.87
Surfer Boat,Lagos-Apapa,88.17,LNG,1479.96,3052.42,Moderate,74.24,11.81,93.01,665.98
Surfer Boat,Escravos-Lagos,139.53,LNG,4464.12,9207.25,Moderate,93.28,16.91,86.14,2008.85
Surfer Boat,Warri-Bonny,165.59,Diesel,1296.94,3388.26,Stormy,88.81,13.1,53.38,778.16
Surfer Boat,Port Harcourt-Lagos,132.09,HFO,2265.22,6229.36,Calm,72.72,15.46,85.39,1132.61
Surfer Boat,Escravos-Lagos,100.0,HFO,1726.25,4747.19,Moderate,80.65,17.55,77.18,863.12
Surfer Boat,Port Harcourt-Lagos,136.08,Diesel,1941.51,5072.19,Stormy,81.38,20.36,54.09,1164.91
Surfer Boat,Port Harcourt-Lagos,124.83,HFO,994.81,2735.73,Stormy,82.66,10.59,72.92,497.4
Surfer Boat,Escravos-Lagos,118.09,LNG,4947.46,10204.14,Moderate,81.76,21.99,74.23,2226.36
Oil Service Boat,Lagos-Apapa,117.25,Ammonia,7360.36,1012.05,Calm,75.07,19.42,58.29,6624.32
Oil Service Boat,Warri-Bonny,57.99,Ammonia,1758.51,241.8,Moderate,87.62,11.23,97.28,1582.66
Oil Service Boat,Escravos-Lagos,131.32,LNG,11313.66,23334.42,Calm,70.47,23.1,92.5,5091.15
Oil Service Boat,Port Harcourt-Lagos,148.86,HFO,13658.79,37561.67,Calm,86.05,23.81,83.45,6829.4
Oil Service Boat,Escravos-Lagos,52.62,Ammonia,1120.32,154.04,Stormy,86.25,10.92,73.11,1008.29
Oil Service Boat,Escravos-Lagos,69.74,Ammonia,2112.36,290.45,Moderate,86.93,14.15,70.59,1901.12
Oil Service Boat,Escravos-Lagos,82.64,HFO,6374.64,17530.26,Moderate,86.02,22.09,82.55,3187.32
Oil Service Boat,Escravos-Lagos,132.53,Methanol,9250.21,22894.27,Moderate,75.84,21.22,77.27,6475.15
Oil Service Boat,Warri-Bonny,126.28,Diesel,2054.01,5366.1,Stormy,87.18,12.77,53.11,1232.41
Oil Service Boat,Escravos-Lagos,117.94,Methanol,3788.47,9376.46,Calm,93.67,13.14,75.63,2651.93
Oil Service Boat,Escravos-Lagos,139.85,Hydrogen,15414.66,0.0,Calm,82.81,15.56,90.32,23121.99
Oil Service Boat,Escravos-Lagos,134.09,HFO,4354.69,11975.4,Stormy,78.91,17.27,72.96,2177.34
Tanker Ship,Lagos-Apapa,434.8,Ammonia,22171.86,3048.63,Moderate,78.4,19.27,52.6,19954.67
Tanker Ship,Warri-Bonny,493.98,LNG,24218.22,49950.08,Moderate,91.82,15.53,89.31,10898.2
Tanker Ship,Port Harcourt-Lagos,287.51,Hydrogen,36112.85,0.0,Stormy,83.31,16.94,60.07,54169.28
Tanker Ship,Warri-Bonny,224.96,Diesel,14519.0,37930.89,Calm,74.07,21.21,62.93,8711.4
Tanker Ship,Lagos-Apapa,434.88,Methanol,6344.98,15703.83,Moderate,87.11,10.55,58.24,4441.49
Tanker Ship,Port Harcourt-Lagos,138.94,HFO,3338.6,9181.15,Calm,88.16,13.79,66.51,1669.3
Tanker Ship,Lagos-Apapa,193.37,Diesel,14609.94,38168.47,Stormy,93.88,20.7,87.84,8765.96
Tanker Ship,Lagos-Apapa,326.34,HFO,36019.58,99053.84,Calm,80.4,23.43,75.97,18009.79
Tanker Ship,Escravos-Lagos,374.57,Hydrogen,31763.36,0.0,Stormy,83.39,17.68,60.24,47645.04
Tanker Ship,Lagos-Apapa,117.33,Methanol,9008.17,22295.22,Moderate,91.01,17.98,93.89,6305.72
Tanker Ship,Port Harcourt-Lagos,251.01,Ammonia,9027.15,1241.23,Calm,94.49,11.61,93.98,8124.44
Tanker Ship,Warri-Bonny,285.5,Ammonia,20981.0,2884.89,Moderate,90.37,16.71,93.53,18882.9
Tanker Ship,Lagos-Apapa,402.44,HFO,16586.29,45612.3,Calm,87.32,17.99,61.94,8293.14
Tanker Ship,Warri-Bonny,169.3,Diesel,4942.2,12911.5,Moderate,79.54,13.64,72.56,2965.32
Tanker Ship,Lagos-Apapa,279.76,HFO,15652.73,43045.01,Calm,72.53,14.04,99.25,7826.36
Tanker Ship,Warri-Bonny,174.35,HFO,8589.33,23620.66,Calm,72.44,15.66,88.6,4294.66
Tanker Ship,Lagos-Apapa,127.34,HFO,1245.23,3424.38,Moderate,75.52,10.3,51.36,622.62
Tanker Ship,Escravos-Lagos,218.85,Diesel,6172.67,16126.1,Calm,87.04,14.83,53.26,3703.6
Tanker Ship,Escravos-Lagos,418.62,Diesel,13703.92,35801.49,Stormy,91.1,13.17,73.2,8222.35
Tanker Ship,Lagos-Apapa,159.07,HFO,7089.44,19495.96,Moderate,79.55,14.91,95.46,3544.72
Tanker Ship,Port Harcourt-Lagos,79.53,HFO,1715.0,4716.25,Calm,92.41,11.8,76.94,857.5
Tanker Ship,Port Harcourt-Lagos,283.93,HFO,33497.51,92118.15,Stormy,83.68,23.36,74.89,16748.76
Tanker Ship,Lagos-Apapa,139.19,Hydrogen,17877.39,0.0,Calm,89.53,18.9,55.27,26816.08
Tanker Ship,Warri-Bonny,63.6,Methanol,5039.89,12473.73,Calm,75.49,20.19,82.84,3527.92
Tanker Ship,Escravos-Lagos,286.01,Hydrogen,86407.18,0.0,Calm,77.97,21.84,91.11,129610.77
Tanker Ship,Escravos-Lagos,364.82,Diesel,16484.98,43067.01,Stormy,73.31,17.48,69.02,9890.99
Tanker Ship,Port Harcourt-Lagos,168.57,Diesel,3313.27,8655.92,Moderate,94.92,11.3,88.78,1987.96
Tanker Ship,Warri-Bonny,253.53,Methanol,22528.55,55758.16,Calm,79.68,18.06,98.22,15769.98
Tanker Ship,Escravos-Lagos,250.18,Diesel,13925.04,36379.17,Moderate,74.5,18.8,60.19,8355.02
Tanker Ship,Warri-Bonny,191.37,Diesel,12335.38,32226.18,Calm,85.43,21.18,76.17,7401.23
Tanker Ship,Port Harcourt-Lagos,456.34,HFO,19238.04,52904.61,Calm,85.45,16.47,64.36,9619.02
Tanker Ship,Warri-Bonny,66.22,HFO,2078.28,5715.27,Stormy,92.61,11.91,89.64,1039.14
Tanker Ship,Port Harcourt-Lagos,138.88,Diesel,4454.23,11636.68,Stormy,86.58,14.26,78.88,2672.54
Tanker Ship,Escravos-Lagos,120.66,Diesel,4388.9,11466.0,Calm,76.78,15.45,81.73,2633.34
Tanker Ship,Warri-Bonny,457.29,LNG,32753.73,67554.57,Stormy,78.25,19.69,89.9,14739.18
Tanker Ship,Warri-Bonny,67.46,HFO,4524.55,12442.51,Stormy,89.79,18.56,69.8,2262.28
Fishing Trawler,Escravos-Lagos,173.27,HFO,5797.18,15942.24,Calm,76.02,15.34,95.75,2898.59
Fishing Trawler,Escravos-Lagos,97.98,Methanol,7538.06,18656.7,Calm,78.52,24.8,76.65,5276.64
Fishing Trawler,Warri-Bonny,112.19,HFO,3868.07,10637.19,Calm,87.54,19.09,57.9,1934.04
Fishing Trawler,Escravos-Lagos,112.4,Diesel,2611.04,6821.34,Stormy,75.95,13.56,84.79,1566.62
Fishing Trawler,Port Harcourt-Lagos,91.87,Ammonia,2225.53,306.01,Moderate,70.14,11.53,89.66,2002.98
Fishing Trawler,Warri-Bonny,178.59,HFO,2288.27,6292.74,Stormy,72.1,12.29,65.84,1144.14
Fishing Trawler,Lagos-Apapa,184.79,HFO,5325.53,14645.21,Stormy,89.82,13.69,92.86,2662.76
Fishing Trawler,Lagos-Apapa,81.6,Diesel,1944.42,5079.8,Calm,76.18,12.41,95.31,1166.65
Fishing Trawler,Escravos-Lagos,101.55,Diesel,1439.29,3760.15,Moderate,84.2,12.8,63.85,863.57
Fishing Trawler,Escravos-Lagos,142.41,LNG,4756.57,9810.43,Stormy,83.42,14.28,99.18,2140.46
Fishing Trawler,Lagos-Apapa,97.76,Methanol,1702.86,4214.58,Stormy,93.69,12.6,57.04,1192.0
Fishing Trawler,Port Harcourt-Lagos,160.06,HFO,8690.35,23898.46,Calm,88.7,23.45,60.1,4345.18
Oil Service Boat,Lagos-Apapa,72.72,LNG,1016.18,2095.87,Moderate,87.7,11.2,59.21,457.28
Oil Service Boat,Port Harcourt-Lagos,21.93,LNG,1312.46,2706.95,Stormy,93.46,17.87,94.7,590.61
Oil Service Boat,Port Harcourt-Lagos,117.74,HFO,5262.86,14472.86,Stormy,72.19,16.16,82.71,2631.43
Oil Service Boat,Escravos-Lagos,64.46,LNG,4869.51,10043.36,Calm,70.44,24.74,57.61,2191.28
Oil Service Boat,Lagos-Apapa,120.9,Diesel,1775.01,4637.21,Moderate,77.1,11.68,72.02,1065.01
Oil Service Boat,Lagos-Apapa,79.01,Diesel,3194.98,8346.89,Stormy,87.26,15.97,80.76,1916.99
Oil Service Boat,Port Harcourt-Lagos,147.71,HFO,8842.76,24317.59,Stormy,89.82,24.54,54.17,4421.38
Oil Service Boat,Lagos-Apapa,60.84,Diesel,5434.03,14196.4,Moderate,90.3,22.98,94.12,3260.42
Oil Service Boat,Lagos-Apapa,115.48,Diesel,8269.18,21603.23,Moderate,81.0,22.26,90.18,4961.51
Oil Service Boat,Escravos-Lagos,44.58,Methanol,1410.93,3492.05,Moderate,76.26,13.87,75.26,987.65
Oil Service Boat,Escravos-Lagos,146.63,HFO,4254.53,11699.96,Stormy,70.06,12.56,98.36,2127.26
Oil Service Boat,Port Harcourt-Lagos,103.74,Diesel,5007.78,13082.83,Calm,90.56,20.03,70.89,3004.67
Tanker Ship,Port Harcourt-Lagos,387.52,Diesel,46371.99,121146.82,Calm,86.42,23.94,99.21,27823.19
Tanker Ship,Lagos-Apapa,378.23,Methanol,27644.78,68420.83,Calm,80.27,18.35,83.4,19351.35
Tanker Ship,Escravos-Lagos,381.22,LNG,23144.14,47734.79,Moderate,81.6,18.57,81.73,10414.86
Tanker Ship,Escravos-Lagos,457.94,LNG,13828.92,28522.15,Moderate,88.93,14.2,58.3,6223.01
Tanker Ship,Escravos-Lagos,417.58,Methanol,40603.75,100494.28,Moderate,79.37,21.54,94.1,28422.62
Tanker Ship,Port Harcourt-Lagos,88.81,Ammonia,3609.12,496.25,Calm,77.95,12.81,71.37,3248.21
Tanker Ship,Port Harcourt-Lagos,475.28,Diesel,11414.61,29820.67,Calm,85.98,14.86,58.11,6848.77
Tanker Ship,Warri-Bonny,210.7,LNG,7180.27,14809.31,Calm,89.24,16.38,50.63,3231.12
Tanker Ship,Lagos-Apapa,386.46,Methanol,20564.2,50896.4,Stormy,91.38,17.61,77.99,14394.94
Tanker Ship,Port Harcourt-Lagos,211.36,Hydrogen,20377.96,0.0,Calm,76.78,13.64,76.37,30566.94
Tanker Ship,Lagos-Apapa,108.32,Ammonia,4396.4,604.5,Calm,85.79,11.72,85.97,3956.76
Tanker Ship,Escravos-Lagos,203.07,Diesel,17439.92,45561.79,Calm,88.81,19.16,94.51,10463.95
Oil Service Boat,Escravos-Lagos,66.44,HFO,1250.05,3437.64,Calm,93.47,14.33,53.97,625.02
Oil Service Boat,Port Harcourt-Lagos,51.1,Diesel,2378.8,6214.62,Moderate,89.31,18.72,86.57,1427.28
Oil Service Boat,Warri-Bonny,129.13,Methanol,2769.96,6855.65,Moderate,72.01,12.32,59.37,1938.97
Oil Service Boat,Escravos-Lagos,144.33,Diesel,5743.81,15005.7,Stormy,88.69,17.22,92.91,3446.29
Oil Service Boat,Warri-Bonny,85.67,Diesel,4874.98,12735.89,Stormy,86.48,17.99,90.95,2924.99
Oil Service Boat,Port Harcourt-Lagos,37.39,Methanol,759.03,1878.6,Calm,88.88,10.78,77.04,531.32
Oil Service Boat,Escravos-Lagos,140.94,Diesel,4022.85,10509.7,Calm,94.28,15.05,85.51,2413.71
Oil Service Boat,Warri-Bonny,137.41,Ammonia,3367.28,463.0,Calm,83.64,12.02,65.72,3030.55
Oil Service Boat,Escravos-Lagos,91.91,Diesel,1492.11,3898.14,Stormy,75.59,10.95,73.56,895.27
Oil Service Boat,Port Harcourt-Lagos,93.79,Diesel,9014.85,23551.3,Stormy,81.44,24.85,91.08,5408.91
Oil Service Boat,Warri-Bonny,130.52,Diesel,3925.48,10255.32,Calm,83.32,14.84,72.96,2355.29
Oil Service Boat,Warri-Bonny,32.68,Methanol,2601.24,6438.07,Stormy,72.05,22.15,67.89,1820.87
Tanker Ship,Lagos-Apapa,278.0,HFO,11683.22,32128.86,Stormy,76.65,13.82,74.71,5841.61
Tanker Ship,Lagos-Apapa,279.03,HFO,23955.09,65876.5,Calm,70.37,20.22,91.41,11977.54
Tanker Ship,Warri-Bonny,98.2,Hydrogen,19974.04,0.0,Moderate,74.77,21.4,66.76,29961.06
Tanker Ship,Port Harcourt-Lagos,350.86,HFO,17261.06,47467.92,Calm,90.15,18.93,58.69,8630.53
Tanker Ship,Port Harcourt-Lagos,408.83,LNG,26298.34,54240.33,Stormy,85.14,17.07,85.6,11834.25
Tanker Ship,Escravos-Lagos,295.22,LNG,22079.03,45538.0,Moderate,81.96,16.18,91.3,9935.56
Tanker Ship,Lagos-Apapa,310.7,Diesel,9187.37,24002.0,Calm,85.76,15.23,55.03,5512.42
Tanker Ship,Lagos-Apapa,76.82,LNG,5795.76,11953.76,Stormy,89.45,23.94,61.99,2608.09
Tanker Ship,Port Harcourt-Lagos,231.83,HFO,18575.38,51082.3,Stormy,83.15,22.46,57.1,9287.69
Tanker Ship,Lagos-Apapa,426.27,LNG,53581.28,110511.39,Moderate,73.1,24.48,67.4,24111.58
Tanker Ship,Port Harcourt-Lagos,275.37,Diesel,6399.42,16718.48,Moderate,83.5,11.86,72.52,3839.65
Tanker Ship,Port Harcourt-Lagos,247.87,LNG,25610.31,52821.26,Calm,84.14,20.96,87.44,11524.64
Surfer Boat,Warri-Bonny,192.09,HFO,6405.76,17615.84,Moderate,86.35,24.08,82.56,3202.88
Surfer Boat,Port Harcourt-Lagos,85.79,LNG,1115.65,2301.03,Calm,79.8,12.72,81.05,502.04
Surfer Boat,Port Harcourt-Lagos,163.91,HFO,965.05,2653.89,Stormy,94.8,11.0,67.62,482.52
Surfer Boat,Port Harcourt-Lagos,170.92,Diesel,5253.63,13725.11,Calm,88.94,21.12,92.07,3152.18
Surfer Boat,Lagos-Apapa,55.2,HFO,1668.03,4587.08,Moderate,92.13,18.62,73.56,834.02
Surfer Boat,Port Harcourt-Lagos,64.39,HFO,2230.36,6133.49,Stormy,70.39,22.63,98.96,1115.18
Surfer Boat,Escravos-Lagos,128.12,Methanol,1170.31,2896.52,Stormy,85.74,12.1,81.71,819.22
Surfer Boat,Lagos-Apapa,39.17,Diesel,1163.46,3039.54,Calm,75.58,21.93,56.31,698.08
Surfer Boat,Lagos-Apapa,162.55,Ammonia,3102.48,426.59,Calm,94.07,13.02,83.81,2792.23
Surfer Boat,Warri-Bonny,62.78,Hydrogen,1134.01,0.0,Moderate,75.76,12.45,66.26,1701.02
Surfer Boat,Escravos-Lagos,184.52,LNG,1925.28,3970.89,Moderate,82.25,12.46,84.32,866.38
Surfer Boat,Escravos-Lagos,163.99,HFO,3476.44,9560.21,Stormy,82.89,22.22,53.48,1738.22
Tanker Ship,Escravos-Lagos,208.76,Diesel,9292.48,24276.6,Stormy,74.14,19.98,58.74,5575.49
Tanker Ship,Escravos-Lagos,451.54,Methanol,43127.01,106739.35,Moderate,71.09,17.85,92.79,30188.91
Tanker Ship,Lagos-Apapa,321.16,Diesel,8604.29,22478.71,Stormy,88.05,15.38,61.36,5162.57
Tanker Ship,Escravos-Lagos,177.61,HFO,23600.46,64901.26,Calm,94.94,23.16,91.85,11800.23
Tanker Ship,Escravos-Lagos,127.79,LNG,5530.35,11406.35,Stormy,82.75,15.89,63.96,2488.66
Tanker Ship,Lagos-Apapa,85.27,Methanol,10056.41,24889.61,Calm,75.59,22.25,82.14,7039.49
Tanker Ship,Lagos-Apapa,188.37,Methanol,11271.87,27897.88,Stormy,78.22,16.59,84.71,7890.31
Tanker Ship,Port Harcourt-Lagos,90.22,HFO,3123.97,8590.92,Moderate,84.18,15.65,75.63,1561.98
Tanker Ship,Escravos-Lagos,147.16,LNG,5509.32,11362.97,Stormy,81.21,16.94,65.27,2479.19
Tanker Ship,Warri-Bonny,162.55,HFO,4684.64,12882.76,Calm,82.94,14.52,60.63,2342.32
Tanker Ship,Lagos-Apapa,86.03,HFO,4091.09,11250.5,Moderate,76.72,21.21,51.66,2045.54
Tanker Ship,Lagos-Apapa,200.04,Ammonia,10570.65,1453.46,Moderate,83.03,17.54,65.2,9513.58
Oil Service Boat,Warri-Bonny,93.55,HFO,2652.66,7294.82,Calm,93.84,13.48,82.66,1326.33
Oil Service Boat,Port Harcourt-Lagos,80.42,Diesel,7799.46,20376.09,Moderate,90.73,23.49,96.92,4679.68
Oil Service Boat,Port Harcourt-Lagos,126.21,HFO,4687.66,12891.06,Calm,83.45,15.76,93.56,2343.83
Oil Service Boat,Port Harcourt-Lagos,107.01,Ammonia,8722.56,1199.35,Stormy,93.09,18.15,88.3,7850.3
Oil Service Boat,Lagos-Apapa,32.08,Methanol,3568.84,8832.88,Calm,82.55,23.6,89.42,2498.19
Oil Service Boat,Lagos-Apapa,58.44,LNG,3085.75,6364.36,Calm,75.66,19.36,83.25,1388.59
Oil Service Boat,Lagos-Apapa,108.7,Methanol,1689.85,4182.38,Calm,72.86,11.75,63.01,1182.9
Oil Service Boat,Lagos-Apapa,92.05,HFO,8889.07,24444.94,Calm,91.75,24.1,95.36,4444.54
Oil Service Boat,Lagos-Apapa,134.39,Diesel,7577.4,19795.96,Calm,74.46,19.42,83.54,4546.44
Oil Service Boat,Escravos-Lagos,72.27,Diesel,2151.99,5622.07,Stormy,84.36,15.02,78.02,1291.19
Oil Service Boat,Escravos-Lagos,26.92,HFO,329.87,907.14,Stormy,71.43,12.09,55.55,164.94
Oil Service Boat,Port Harcourt-Lagos,138.25,Diesel,7070.1,18470.64,Stormy,78.25,21.91,72.35,4242.06
Fishing Trawler,Lagos-Apapa,78.62,Ammonia,4232.95,582.03,Moderate,81.61,19.3,73.02,3809.66
Fishing Trawler,Warri-Bonny,90.8,HFO,4696.77,12916.12,Stormy,78.45,18.0,93.23,2348.39
Fishing Trawler,Warri-Bonny,153.73,Diesel,8545.73,22325.72,Stormy,79.64,23.41,77.33,5127.44
Fishing Trawler,Lagos-Apapa,198.37,HFO,11244.38,30922.04,Moderate,89.98,21.83,69.02,5622.19
Fishing Trawler,Lagos-Apapa,150.5,HFO,3270.53,8993.96,Moderate,94.29,12.28,98.84,1635.26
Fishing Trawler,Escravos-Lagos,87.32,Ammonia,2427.73,333.81,Stormy,82.36,14.68,55.54,2184.96
Fishing Trawler,Escravos-Lagos,59.02,Diesel,1181.78,3087.4,Calm,92.23,13.73,71.13,709.07
Fishing Trawler,Lagos-Apapa,172.74,Diesel,6392.17,16699.54,Moderate,79.14,21.16,52.1,3835.3
Fishing Trawler,Port Harcourt-Lagos,137.1,Methanol,2596.73,6426.91,Stormy,72.02,10.5,87.0,1817.71
Fishing Trawler,Escravos-Lagos,95.72,HFO,4442.34,12216.44,Calm,72.39,18.55,95.9,2221.17
Fishing Trawler,Port Harcourt-Lagos,149.17,Diesel,6242.55,16308.66,Stormy,82.13,21.44,64.0,3745.53
Fishing Trawler,Warri-Bonny,137.18,Diesel,10868.57,28394.14,Calm,76.24,23.15,92.92,6521.14
Oil Service Boat,Port Harcourt-Lagos,79.42,LNG,2315.97,4776.69,Moderate,79.08,15.13,64.61,1042.19
Oil Service Boat,Lagos-Apapa,74.61,Hydrogen,15630.71,0.0,Calm,89.67,22.32,95.54,23446.06
Oil Service Boat,Port Harcourt-Lagos,41.69,Methanol,1055.93,2613.43,Calm,76.4,11.66,87.7,739.15
Oil Service Boat,Warri-Bonny,29.08,Diesel,2403.14,6278.2,Stormy,76.41,22.7,90.25,1441.88
Oil Service Boat,Escravos-Lagos,31.64,Methanol,484.24,1198.49,Stormy,92.85,11.91,50.9,338.97
Oil Service Boat,Lagos-Apapa,122.99,HFO,4889.83,13447.03,Moderate,91.27,15.96,98.14,2444.92
Oil Service Boat,Lagos-Apapa,130.42,HFO,8381.15,23048.16,Moderate,82.92,21.96,86.33,4190.58
Oil Service Boat,Escravos-Lagos,53.2,HFO,775.21,2131.83,Stormy,91.95,12.25,65.24,387.6
Oil Service Boat,Lagos-Apapa,56.72,Diesel,1400.92,3659.9,Calm,79.11,13.44,91.47,840.55
Oil Service Boat,Port Harcourt-Lagos,90.48,LNG,4401.17,9077.41,Moderate,81.8,20.83,64.08,1980.53
Oil Service Boat,Warri-Bonny,88.72,LNG,6802.57,14030.3,Calm,93.75,20.8,93.64,3061.16
Oil Service Boat,Warri-Bonny,48.06,Ammonia,2254.46,309.99,Stormy,74.82,19.62,55.63,2029.01
Tanker Ship,Port Harcourt-Lagos,246.31,LNG,20991.25,43294.45,Stormy,74.28,20.41,85.18,9446.06
Tanker Ship,Port Harcourt-Lagos,371.2,LNG,23425.12,48314.31,Calm,88.88,18.14,77.03,10541.3
Tanker Ship,Port Harcourt-Lagos,335.33,HFO,9034.59,24845.12,Moderate,82.71,13.78,54.83,4517.3
Tanker Ship,Warri-Bonny,279.23,HFO,11303.55,31084.76,Stormy,81.01,15.19,62.09,5651.78
Tanker Ship,Escravos-Lagos,183.82,LNG,3607.65,7440.78,Calm,92.11,12.72,50.62,1623.44
Tanker Ship,Port Harcourt-Lagos,210.5,Diesel,20958.06,54752.93,Moderate,85.4,23.63,73.44,12574.84
Tanker Ship,Warri-Bonny,78.31,Methanol,5651.16,13986.62,Moderate,86.05,18.75,65.06,3955.81
Tanker Ship,Lagos-Apapa,120.53,HFO,6603.04,18158.36,Calm,86.69,16.01,79.92,3301.52
Tanker Ship,Escravos-Lagos,281.48,HFO,13739.35,37783.21,Moderate,89.85,16.93,64.86,6869.68
Tanker Ship,Lagos-Apapa,81.43,Diesel,7341.24,19178.99,Calm,84.82,24.21,65.0,4404.74
Tanker Ship,Lagos-Apapa,255.63,HFO,7398.93,20347.06,Calm,72.82,12.3,87.16,3699.46
Tanker Ship,Lagos-Apapa,211.33,HFO,8083.05,22228.39,Moderate,92.05,18.79,52.41,4041.52
Tanker Ship,Lagos-Apapa,190.82,Methanol,17408.71,43086.56,Moderate,85.35,17.59,95.14,12186.1
Tanker Ship,Lagos-Apapa,498.55,HFO,46331.89,127412.7,Stormy,70.49,19.17,92.61,23165.94
Tanker Ship,Port Harcourt-Lagos,198.33,LNG,4733.75,9763.36,Calm,83.82,10.27,83.39,2130.19
Tanker Ship,Port Harcourt-Lagos,324.53,Diesel,33831.02,88383.54,Calm,80.45,23.08,79.66,20298.61
Tanker Ship,Port Harcourt-Lagos,129.21,HFO,14565.72,40055.73,Calm,75.55,23.98,94.62,7282.86
Tanker Ship,Port Harcourt-Lagos,272.63,Diesel,10351.94,27044.44,Calm,82.59,18.48,59.27,6211.16
Tanker Ship,Lagos-Apapa,113.43,Methanol,8948.54,22147.64,Moderate,90.64,20.45,53.95,6263.98
Tanker Ship,Lagos-Apapa,250.17,Diesel,17060.74,44571.18,Stormy,82.08,23.84,61.98,10236.44
Tanker Ship,Warri-Bonny,329.12,Methanol,31728.48,78527.99,Moderate,82.8,20.61,89.73,22209.94
Tanker Ship,Lagos-Apapa,265.76,HFO,5064.29,13926.8,Calm,81.89,12.29,51.73,2532.14
Tanker Ship,Warri-Bonny,250.08,Methanol,22340.72,55293.28,Stormy,70.71,18.64,79.14,15638.5
Tanker Ship,Port Harcourt-Lagos,159.16,HFO,11264.33,30976.91,Calm,76.4,19.1,99.77,5632.16
Oil Service Boat,Port Harcourt-Lagos,57.52,LNG,2975.45,6136.87,Calm,84.98,16.36,92.78,1338.95
Oil Service Boat,Port Harcourt-Lagos,147.61,LNG,8613.07,17764.46,Stormy,71.63,21.05,76.07,3875.88
Oil Service Boat,Escravos-Lagos,108.49,Ammonia,7522.56,1034.35,Calm,91.27,24.02,53.18,6770.3
Oil Service Boat,Escravos-Lagos,125.09,Diesel,11829.23,30903.86,Calm,87.51,23.88,91.57,7097.54
Oil Service Boat,Escravos-Lagos,44.03,HFO,1800.48,4951.32,Moderate,80.82,16.76,79.95,900.24
Oil Service Boat,Escravos-Lagos,31.18,HFO,429.62,1181.46,Stormy,70.69,11.7,55.75,214.81
Oil Service Boat,Escravos-Lagos,31.89,Methanol,2100.41,5198.51,Calm,76.52,24.77,54.69,1470.29
Oil Service Boat,Lagos-Apapa,84.99,LNG,9178.22,18930.08,Calm,87.89,22.58,95.48,4130.2
Oil Service Boat,Port Harcourt-Lagos,88.11,Methanol,2512.19,6217.67,Moderate,94.13,11.87,83.46,1758.53
Oil Service Boat,Warri-Bonny,98.19,HFO,9621.82,26460.0,Calm,91.33,23.81,91.46,4810.91
Oil Service Boat,Port Harcourt-Lagos,123.85,Diesel,10316.98,26953.11,Stormy,74.52,23.05,93.95,6190.19
Oil Service Boat,Lagos-Apapa,41.09,HFO,1999.05,5497.39,Calm,82.52,17.78,78.59,999.52
Surfer Boat,Lagos-Apapa,165.51,Hydrogen,12486.43,0.0,Stormy,82.7,18.87,75.87,18729.64
Surfer Boat,Port Harcourt-Lagos,165.79,LNG,3399.88,7012.25,Stormy,93.2,15.99,71.52,1529.95
Surfer Boat,Lagos-Apapa,71.85,Ammonia,816.56,112.28,Calm,77.55,10.82,65.85,734.9
Surfer Boat,Port Harcourt-Lagos,141.2,Diesel,1557.3,4068.45,Stormy,89.11,15.03,71.73,934.38
Surfer Boat,Port Harcourt-Lagos,20.64,LNG,759.37,1566.2,Moderate,70.5,22.04,88.69,341.72
Surfer Boat,Lagos-Apapa,27.53,LNG,157.61,325.07,Stormy,86.13,10.07,80.1,70.92
Surfer Boat,Escravos-Lagos,95.68,Diesel,1582.32,4133.81,Stormy,88.6,15.0,94.63,949.39
Surfer Boat,Escravos-Lagos,85.63,Methanol,2035.5,5037.86,Calm,88.77,15.97,72.17,1424.85
Surfer Boat,Warri-Bonny,110.02,Ammonia,3954.03,543.68,Moderate,80.45,18.06,80.35,3558.63
Surfer Boat,Lagos-Apapa,165.69,Ammonia,6751.41,928.32,Calm,85.31,23.8,81.57,6076.27
Surfer Boat,Port Harcourt-Lagos,78.78,Methanol,1978.8,4897.53,Moderate,90.52,15.2,79.58,1385.16
Surfer Boat,Escravos-Lagos,136.85,Diesel,2638.41,6892.85,Moderate,82.96,15.2,85.13,1583.05
Oil Service Boat,Port Harcourt-Lagos,137.06,Diesel,5543.97,14483.62,Moderate,87.27,21.06,61.87,3326.38
Oil Service Boat,Lagos-Apapa,34.58,Hydrogen,3427.1,0.0,Stormy,92.96,16.78,75.62,5140.65
Oil Service Boat,Escravos-Lagos,132.82,HFO,2352.1,6468.28,Calm,77.77,13.37,55.21,1176.05
Oil Service Boat,Lagos-Apapa,55.09,Methanol,2191.63,5424.28,Moderate,88.8,16.79,69.23,1534.14
Oil Service Boat,Warri-Bonny,77.45,Methanol,1986.46,4916.49,Calm,94.48,12.11,74.38,1390.52
Oil Service Boat,Port Harcourt-Lagos,60.43,LNG,1782.81,3677.05,Calm,80.46,12.65,82.61,802.26
Oil Service Boat,Escravos-Lagos,126.19,Hydrogen,18241.29,0.0,Stormy,74.41,17.48,97.53,27361.94
Oil Service Boat,Port Harcourt-Lagos,141.8,Diesel,4300.46,11234.95,Calm,89.94,16.28,80.03,2580.28
Oil Service Boat,Port Harcourt-Lagos,56.22,Diesel,4973.33,12992.82,Calm,91.87,23.72,87.18,2984.0
Oil Service Boat,Escravos-Lagos,111.01,HFO,3570.26,9818.22,Moderate,91.76,15.44,75.31,1785.13
Oil Service Boat,Escravos-Lagos,149.31,Diesel,7991.95,20878.97,Calm,75.09,18.71,81.71,4795.17
Oil Service Boat,Warri-Bonny,123.48,Diesel,4040.66,10556.22,Stormy,76.82,19.48,53.55,2424.4
Tanker Ship,Lagos-Apapa,385.64,Diesel,7014.56,18325.54,Moderate,83.86,10.2,62.72,4208.74
Tanker Ship,Port Harcourt-Lagos,171.95,Methanol,11345.3,28079.62,Stormy,71.05,19.95,68.09,7941.71
Tanker Ship,Escravos-Lagos,452.6,Ammonia,19352.78,2661.01,Calm,85.72,12.67,73.62,17417.5
Tanker Ship,Warri-Bonny,370.38,HFO,31387.89,86316.7,Calm,72.89,24.42,52.28,15693.94
Tanker Ship,Lagos-Apapa,360.62,Diesel,6029.12,15751.08,Moderate,71.47,12.23,57.0,3617.47
Tanker Ship,Lagos-Apapa,189.12,Ammonia,9008.38,1238.65,Stormy,88.21,16.22,63.84,8107.54
Tanker Ship,Escravos-Lagos,402.84,HFO,11074.66,30455.32,Calm,72.28,11.28,98.58,5537.33
Tanker Ship,Lagos-Apapa,213.35,HFO,26140.96,71887.64,Calm,78.52,24.95,66.57,13070.48
Tanker Ship,Warri-Bonny,396.61,HFO,20721.22,56983.36,Stormy,72.69,17.53,74.1,10360.61
Tanker Ship,Warri-Bonny,243.19,LNG,16548.19,34130.64,Stormy,89.81,18.93,59.8,7446.69
Tanker Ship,Port Harcourt-Lagos,439.33,HFO,9330.46,25658.76,Moderate,72.92,11.01,80.54,4665.23
Tanker Ship,Warri-Bonny,228.19,Hydrogen,47752.76,0.0,Moderate,79.0,21.25,64.03,71629.14
Surfer Boat,Port Harcourt-Lagos,69.93,Diesel,758.5,1981.58,Calm,70.74,13.15,60.35,455.1
Surfer Boat,Lagos-Apapa,70.64,LNG,3656.97,7542.5,Calm,90.24,23.47,75.83,1645.64
Surfer Boat,Lagos-Apapa,167.71,HFO,1254.26,3449.22,Stormy,82.52,13.08,50.28,627.13
Surfer Boat,Lagos-Apapa,130.23,Diesel,872.96,2280.61,Calm,73.26,12.86,50.38,523.78
Surfer Boat,Lagos-Apapa,94.19,LNG,506.73,1045.13,Stormy,75.73,10.55,60.95,228.03
Surfer Boat,Port Harcourt-Lagos,178.47,Methanol,2992.44,7406.29,Calm,82.73,17.08,51.84,2094.71
Surfer Boat,Warri-Bonny,127.85,Methanol,2318.63,5738.61,Stormy,88.89,18.47,55.4,1623.04
Surfer Boat,Port Harcourt-Lagos,67.37,LNG,556.42,1147.62,Stormy,89.52,10.99,66.94,250.39
Surfer Boat,Warri-Bonny,104.02,Ammonia,4650.71,639.47,Calm,88.09,21.63,90.13,4185.64
Surfer Boat,Warri-Bonny,33.63,Methanol,828.62,2050.83,Stormy,87.91,16.8,78.6,580.03
Surfer Boat,Port Harcourt-Lagos,85.4,Methanol,2344.49,5802.61,Stormy,72.02,17.87,75.63,1641.14
Surfer Boat,Port Harcourt-Lagos,54.64,HFO,948.18,2607.5,Stormy,88.55,16.61,64.67,474.09
Fishing Trawler,Port Harcourt-Lagos,154.32,HFO,5498.01,15119.53,Moderate,85.7,16.01,96.59,2749.0
Fishing Trawler,Port Harcourt-Lagos,186.54,HFO,5304.35,14586.96,Calm,74.11,18.39,69.85,2652.18
Fishing Trawler,Port Harcourt-Lagos,164.13,LNG,2565.3,5290.93,Moderate,89.35,12.33,54.35,1154.38
Fishing Trawler,Escravos-Lagos,143.69,Diesel,2382.41,6224.05,Stormy,86.38,12.73,80.85,1429.45
Fishing Trawler,Port Harcourt-Lagos,70.7,Diesel,3052.89,7975.68,Stormy,92.46,22.93,55.69,1831.73
Fishing Trawler,Lagos-Apapa,165.7,Ammonia,14813.86,2036.91,Stormy,75.93,24.19,67.26,13332.47
Fishing Trawler,Port Harcourt-Lagos,148.93,Ammonia,6224.83,855.91,Moderate,72.64,15.6,75.37,5602.35
Fishing Trawler,Port Harcourt-Lagos,70.3,Ammonia,2556.74,351.55,Stormy,74.38,14.06,93.71,2301.07
Fishing Trawler,Escravos-Lagos,133.79,Diesel,5331.84,13929.43,Calm,75.27,19.66,74.68,3199.1
Fishing Trawler,Escravos-Lagos,144.96,LNG,4523.78,9330.3,Moderate,93.17,16.13,85.11,2035.7
Fishing Trawler,Port Harcourt-Lagos,124.02,Diesel,2208.27,5769.11,Calm,73.58,10.38,99.64,1324.96
Fishing Trawler,Port Harcourt-Lagos,96.86,HFO,1214.6,3340.15,Moderate,75.57,12.34,56.57,607.3
Oil Service Boat,Lagos-Apapa,22.44,HFO,970.32,2668.38,Moderate,86.59,20.74,63.74,485.16
Oil Service Boat,Lagos-Apapa,20.6,Diesel,965.64,2522.73,Moderate,87.09,19.88,69.73,579.38
Oil Service Boat,Port Harcourt-Lagos,139.23,Diesel,2033.37,5312.18,Stormy,84.77,10.41,71.09,1220.02
Oil Service Boat,Escravos-Lagos,148.29,Methanol,4288.5,10614.04,Stormy,92.03,13.33,70.55,3001.95
Oil Service Boat,Lagos-Apapa,94.83,HFO,2492.92,6855.53,Stormy,89.2,13.47,95.38,1246.46
Oil Service Boat,Escravos-Lagos,43.15,Methanol,3604.36,8920.79,Calm,77.83,20.08,85.7,2523.05
Oil Service Boat,Lagos-Apapa,116.36,LNG,2211.55,4561.32,Stormy,89.43,10.3,80.4,995.2
Oil Service Boat,Lagos-Apapa,78.61,Diesel,1064.59,2781.24,Moderate,76.8,11.56,65.47,638.75
Oil Service Boat,Warri-Bonny,34.27,Diesel,2572.15,6719.74,Stormy,73.38,22.0,91.19,1543.29
Oil Service Boat,Lagos-Apapa,86.53,Diesel,2661.31,6952.67,Stormy,93.22,12.68,97.75,1596.79
Oil Service Boat,Lagos-Apapa,21.11,LNG,1433.3,2956.18,Calm,86.13,19.79,91.06,644.98
Oil Service Boat,Lagos-Apapa,94.68,Diesel,1599.82,4179.53,Calm,80.81,13.57,50.08,959.89
Fishing Trawler,Escravos-Lagos,84.75,HFO,1579.63,4343.98,Stormy,94.95,11.49,81.82,789.82
Fishing Trawler,Escravos-Lagos,62.46,HFO,825.95,2271.36,Stormy,75.98,13.65,52.56,412.98
Fishing Trawler,Port Harcourt-Lagos,162.17,LNG,7729.42,15941.93,Moderate,72.22,20.83,62.88,3478.24
Fishing Trawler,Port Harcourt-Lagos,192.55,Ammonia,10565.44,1452.75,Moderate,81.0,22.84,52.98,9508.9
Fishing Trawler,Escravos-Lagos,162.94,Diesel,8742.99,22841.06,Stormy,94.49,22.45,80.19,5245.79
Fishing Trawler,Port Harcourt-Lagos,154.26,Methanol,5318.48,13163.24,Moderate,84.58,15.96,84.33,3722.94
Fishing Trawler,Port Harcourt-Lagos,77.13,LNG,3016.16,6220.83,Moderate,83.33,20.02,55.72,1357.27
Fishing Trawler,Port Harcourt-Lagos,107.28,Ammonia,2675.97,367.95,Stormy,89.41,13.07,69.19,2408.37
Fishing Trawler,Lagos-Apapa,87.62,Methanol,2497.55,6181.44,Stormy,86.94,14.4,72.81,1748.29
Fishing Trawler,Port Harcourt-Lagos,60.66,LNG,3687.18,7604.81,Calm,85.88,23.45,68.45,1659.23
Fishing Trawler,Lagos-Apapa,130.27,LNG,1420.31,2929.39,Moderate,72.61,10.2,56.05,639.14
Fishing Trawler,Escravos-Lagos,165.68,Ammonia,2510.36,345.17,Moderate,94.44,11.28,70.95,2259.32
Fishing Trawler,Escravos-Lagos,58.13,Diesel,1131.51,2956.07,Calm,79.4,13.12,87.56,678.91
Fishing Trawler,Warri-Bonny,162.07,Diesel,1106.65,2891.12,Stormy,94.43,10.4,53.55,663.99
Fishing Trawler,Escravos-Lagos,138.87,HFO,2153.71,5922.7,Moderate,77.87,12.72,54.01,1076.86
Fishing Trawler,Escravos-Lagos,110.59,Methanol,4731.94,11711.55,Stormy,81.88,18.75,67.74,3312.36
Fishing Trawler,Warri-Bonny,190.44,Methanol,9893.44,24486.26,Calm,76.3,16.32,97.09,6925.41
Fishing Trawler,Escravos-Lagos,144.16,HFO,9251.42,25441.4,Stormy,71.32,23.39,83.43,4625.71
Fishing Trawler,Escravos-Lagos,57.07,LNG,3481.74,7181.09,Calm,87.55,22.26,83.93,1566.78
Fishing Trawler,Warri-Bonny,184.68,Diesel,3328.88,8696.7,Stormy,74.76,15.13,68.1,1997.33
Fishing Trawler,Escravos-Lagos,75.35,HFO,1895.24,5211.91,Stormy,73.05,13.89,79.68,947.62
Fishing Trawler,Escravos-Lagos,100.82,Hydrogen,4597.63,0.0,Moderate,80.03,15.7,50.51,6896.44
Fishing Trawler,Warri-Bonny,199.29,HFO,8586.87,23613.89,Moderate,76.5,18.85,81.8,4293.44
Fishing Trawler,Escravos-Lagos,144.49,HFO,3407.26,9369.96,Moderate,72.2,14.02,95.66,1703.63
Tanker Ship,Warri-Bonny,74.63,LNG,6537.53,13483.66,Calm,78.82,19.36,80.63,2941.89
Tanker Ship,Lagos-Apapa,315.48,Methanol,19746.88,48873.53,Calm,84.53,16.14,93.68,13822.82
Tanker Ship,Warri-Bonny,413.63,HFO,27587.7,75866.18,Stormy,70.88,18.28,86.2,13793.85
Tanker Ship,Escravos-Lagos,121.51,LNG,6042.79,12463.25,Stormy,74.28,16.54,56.03,2719.26
Tanker Ship,Escravos-Lagos,469.5,LNG,24676.66,50895.61,Moderate,84.36,14.42,95.12,11104.5
Tanker Ship,Lagos-Apapa,351.28,HFO,32554.42,89524.66,Stormy,83.06,24.23,53.32,16277.21
Tanker Ship,Escravos-Lagos,415.2,HFO,40976.87,112686.39,Moderate,70.3,21.45,76.7,20488.44
Tanker Ship,Lagos-Apapa,129.56,LNG,3006.54,6200.99,Stormy,84.51,12.1,57.11,1352.94
Tanker Ship,Port Harcourt-Lagos,254.44,Diesel,18619.45,48643.31,Calm,92.57,23.03,50.59,11171.67
Tanker Ship,Lagos-Apapa,81.45,Ammonia,4709.73,647.59,Moderate,93.48,17.31,71.1,4238.76
Tanker Ship,Warri-Bonny,197.55,Methanol,22603.19,55942.9,Stormy,79.6,23.42,64.75,15822.23
Tanker Ship,Warri-Bonny,70.2,Hydrogen,14795.45,0.0,Stormy,74.94,22.0,74.3,22193.18
Surfer Boat,Escravos-Lagos,198.34,Diesel,4648.95,12145.38,Stormy,92.6,16.38,78.86,2789.37
Surfer Boat,Lagos-Apapa,136.1,Hydrogen,1392.39,0.0,Calm,90.26,10.34,52.19,2088.58
Surfer Boat,Port Harcourt-Lagos,30.29,Diesel,191.38,499.98,Moderate,94.54,14.03,56.15,114.83
Surfer Boat,Lagos-Apapa,164.19,Diesel,3347.77,8746.05,Moderate,91.53,18.12,77.93,2008.66
Surfer Boat,Lagos-Apapa,84.35,HFO,1967.78,5411.4,Stormy,91.35,19.5,67.16,983.89
Surfer Boat,Escravos-Lagos,58.51,HFO,1100.62,3026.7,Stormy,94.6,13.87,86.46,550.31
Surfer Boat,Lagos-Apapa,122.84,LNG,1239.93,2557.36,Calm,73.6,12.09,82.61,557.97
Surfer Boat,Port Harcourt-Lagos,146.15,Diesel,6032.87,15760.87,Stormy,84.59,22.52,92.28,3619.72
Surfer Boat,Warri-Bonny,30.83,HFO,1335.34,3672.18,Moderate,75.65,24.77,84.62,667.67
Surfer Boat,Escravos-Lagos,95.04,LNG,1732.99,3574.29,Calm,86.13,17.89,71.5,779.85
Surfer Boat,Lagos-Apapa,43.32,Diesel,442.05,1154.86,Stormy,72.2,12.58,83.65,265.23
Surfer Boat,Warri-Bonny,74.81,LNG,869.7,1793.76,Moderate,93.58,14.08,63.77,391.36
Tanker Ship,Port Harcourt-Lagos,99.42,Diesel,1190.64,3110.55,Calm,79.97,10.28,65.32,714.38
Tanker Ship,Escravos-Lagos,198.12,Methanol,32196.86,79687.23,Calm,72.36,23.71,89.45,22537.8
Tanker Ship,Lagos-Apapa,441.01,Methanol,13292.42,32898.74,Stormy,76.1,11.77,72.32,9304.69
Tanker Ship,Escravos-Lagos,186.19,Diesel,13045.19,34080.56,Calm,79.02,18.65,89.92,7827.11
Tanker Ship,Escravos-Lagos,363.45,Diesel,17374.01,45389.6,Stormy,70.61,14.11,91.12,10424.41
Tanker Ship,Lagos-Apapa,225.43,Diesel,12260.62,32030.87,Stormy,94.01,18.31,92.88,7356.37
Tanker Ship,Lagos-Apapa,266.93,Methanol,28488.77,70509.71,Stormy,82.06,19.77,95.83,19942.14
Tanker Ship,Escravos-Lagos,133.86,Diesel,8717.81,22775.28,Stormy,73.86,22.45,71.55,5230.69
Tanker Ship,Port Harcourt-Lagos,264.09,HFO,5481.32,15073.63,Calm,74.22,13.1,65.94,2740.66
Tanker Ship,Lagos-Apapa,325.03,HFO,7349.0,20209.75,Moderate,74.28,10.16,79.11,3674.5
Tanker Ship,Warri-Bonny,477.39,Diesel,12260.82,32031.39,Stormy,84.65,12.05,68.56,7356.49
Tanker Ship,Escravos-Lagos,129.69,Diesel,15023.96,39250.1,Moderate,92.6,23.5,80.05,9014.38
Oil Service Boat,Lagos-Apapa,117.74,Methanol,11518.61,28508.56,Moderate,81.36,23.11,85.28,8063.03
Oil Service Boat,Warri-Bonny,47.67,HFO,2541.67,6989.59,Calm,86.01,18.96,84.42,1270.84
Oil Service Boat,Lagos-Apapa,102.8,Diesel,4296.47,11224.53,Calm,82.27,19.01,68.73,2577.88
Oil Service Boat,Warri-Bonny,128.59,Methanol,5682.22,14063.49,Calm,93.64,19.98,58.34,3977.55
Oil Service Boat,Lagos-Apapa,138.91,Methanol,3319.34,8215.37,Calm,84.51,12.63,71.53,2323.54
Oil Service Boat,Warri-Bonny,105.78,Diesel,5051.66,13197.46,Calm,87.4,23.72,57.13,3031.0
Oil Service Boat,Lagos-Apapa,83.29,Diesel,2938.15,7675.92,Moderate,71.88,16.28,94.5,1762.89
Oil Service Boat,Lagos-Apapa,48.31,Diesel,1479.22,3864.46,Stormy,86.57,15.75,67.29,887.53
Oil Service Boat,Port Harcourt-Lagos,132.82,Ammonia,6020.55,827.83,Moderate,79.42,17.78,57.72,5418.5
Oil Service Boat,Escravos-Lagos,138.02,HFO,1220.79,3357.17,Stormy,82.65,10.7,51.27,610.4
Oil Service Boat,Escravos-Lagos,82.39,Ammonia,3003.73,413.01,Calm,82.34,12.49,82.29,2703.36
Oil Service Boat,Escravos-Lagos,116.13,LNG,8220.56,16954.9,Moderate,75.88,21.07,81.85,3699.25
Fishing Trawler,Lagos-Apapa,157.72,LNG,2527.48,5212.93,Calm,92.7,11.24,67.03,1137.37
Fishing Trawler,Escravos-Lagos,168.87,HFO,4508.55,12398.51,Moderate,85.5,19.05,53.59,2254.28
Fishing Trawler,Port Harcourt-Lagos,80.65,Diesel,1598.68,4176.55,Moderate,84.4,13.68,70.48,959.21
Fishing Trawler,Warri-Bonny,95.48,Diesel,2035.22,5317.01,Stormy,94.88,15.84,65.56,1221.13
Fishing Trawler,Lagos-Apapa,179.04,HFO,4851.49,13341.6,Moderate,77.59,14.33,83.86,2425.74
Fishing Trawler,Warri-Bonny,99.88,LNG,3185.48,6570.05,Stormy,89.48,15.34,80.29,1433.47
Fishing Trawler,Warri-Bonny,110.7,Hydrogen,12756.96,0.0,Stormy,86.85,20.79,68.23,19135.44
Fishing Trawler,Port Harcourt-Lagos,188.2,LNG,4462.2,9203.29,Moderate,83.21,14.46,60.89,2007.99
Fishing Trawler,Port Harcourt-Lagos,154.67,Methanol,9354.51,23152.41,Calm,90.54,18.5,99.4,6548.16
Fishing Trawler,Escravos-Lagos,131.64,HFO,4531.49,12461.6,Calm,82.4,17.14,72.7,2265.74
Fishing Trawler,Lagos-Apapa,197.61,Diesel,10235.43,26740.06,Calm,84.17,19.96,84.41,6141.26
Fishing Trawler,Escravos-Lagos,87.06,HFO,3595.03,9886.33,Calm,75.2,24.05,57.03,1797.52
Tanker Ship,Warri-Bonny,114.42,LNG,8527.49,17587.95,Calm,76.7,20.99,74.28,3837.37
Tanker Ship,Escravos-Lagos,195.1,Ammonia,5893.36,810.34,Moderate,85.06,13.22,51.38,5304.02
Tanker Ship,Escravos-Lagos,81.28,LNG,2030.35,4187.6,Calm,82.17,10.47,75.27,913.66
Tanker Ship,Lagos-Apapa,498.18,HFO,19334.92,53171.03,Moderate,80.44,13.93,98.2,9667.46
Tanker Ship,Port Harcourt-Lagos,346.99,Diesel,22702.33,59309.84,Stormy,94.69,18.93,69.21,13621.4
Tanker Ship,Lagos-Apapa,478.32,LNG,8248.64,17012.82,Calm,84.38,10.77,51.95,3711.89
Tanker Ship,Port Harcourt-Lagos,335.63,Diesel,14532.56,37966.31,Calm,76.08,17.45,51.55,8719.54
Tanker Ship,Port Harcourt-Lagos,79.97,Methanol,6388.91,15812.55,Moderate,84.8,18.95,69.4,4472.24
Tanker Ship,Escravos-Lagos,388.76,Methanol,14755.94,36520.95,Calm,86.73,15.01,58.0,10329.16
Tanker Ship,Escravos-Lagos,253.73,LNG,19013.24,39214.81,Moderate,78.9,21.56,51.17,8555.96
Tanker Ship,Warri-Bonny,186.41,Diesel,3855.34,10072.08,Calm,85.03,11.6,87.81,2313.2
Tanker Ship,Lagos-Apapa,442.43,Diesel,7698.01,20111.05,Stormy,93.93,11.13,72.93,4618.81
Oil Service Boat,Port Harcourt-Lagos,127.59,HFO,7274.58,20005.1,Moderate,80.6,20.92,64.46,3637.29
Oil Service Boat,Port Harcourt-Lagos,101.49,Diesel,5585.49,14592.09,Stormy,88.73,17.43,95.0,3351.29
Oil Service Boat,Port Harcourt-Lagos,119.99,Diesel,4397.07,11487.35,Calm,78.77,20.33,55.81,2638.24
Oil Service Boat,Escravos-Lagos,67.77,LNG,3881.15,8004.87,Moderate,83.25,16.52,97.8,1746.52
Oil Service Boat,Warri-Bonny,21.22,LNG,524.71,1082.21,Stormy,84.64,13.7,65.7,236.12
Oil Service Boat,Warri-Bonny,136.76,HFO,11342.2,31191.05,Moderate,72.43,22.29,94.42,5671.1
Oil Service Boat,Warri-Bonny,21.43,Diesel,1597.34,4173.05,Calm,70.53,21.99,80.15,958.4
Oil Service Boat,Escravos-Lagos,60.06,HFO,3942.84,10842.81,Moderate,89.05,20.42,91.34,1971.42
Oil Service Boat,Port Harcourt-Lagos,149.51,HFO,5138.13,14129.86,Stormy,77.56,14.08,99.2,2569.06
Oil Service Boat,Escravos-Lagos,67.53,Methanol,3686.0,9122.85,Stormy,83.97,18.85,64.42,2580.2
Oil Service Boat,Port Harcourt-Lagos,51.71,HFO,2269.7,6241.67,Stormy,72.01,15.41,98.06,1134.85
Oil Service Boat,Lagos-Apapa,92.1,Diesel,1628.38,4254.14,Moderate,82.07,11.37,69.47,977.03
Fishing Trawler,Warri-Bonny,126.91,HFO,8726.99,23999.22,Moderate,80.13,23.76,69.28,4363.5
Fishing Trawler,Lagos-Apapa,161.99,Ammonia,2900.02,398.75,Moderate,70.83,12.05,67.02,2610.02
Fishing Trawler,Warri-Bonny,119.43,LNG,9333.09,19249.5,Moderate,86.27,24.25,77.07,4199.89
Fishing Trawler,Warri-Bonny,115.97,HFO,2776.61,7635.68,Calm,89.95,16.69,57.71,1388.3
Fishing Trawler,Escravos-Lagos,140.93,LNG,2583.27,5327.99,Calm,81.87,12.78,77.69,1162.47
Fishing Trawler,Warri-Bonny,199.81,Methanol,8950.48,22152.44,Moderate,91.56,18.13,77.09,6265.34
Fishing Trawler,Port Harcourt-Lagos,165.27,Hydrogen,31784.87,0.0,Stormy,74.01,23.09,88.1,47677.3
Fishing Trawler,Warri-Bonny,77.03,HFO,4001.82,11005.0,Calm,83.29,20.98,91.68,2000.91
Fishing Trawler,Port Harcourt-Lagos,95.42,Ammonia,5666.3,779.12,Moderate,73.12,22.1,72.02,5099.67
Fishing Trawler,Lagos-Apapa,66.88,Ammonia,3447.22,473.99,Calm,73.91,19.88,65.12,3102.5
Fishing Trawler,Lagos-Apapa,121.16,Ammonia,6032.24,829.43,Calm,73.7,20.38,62.97,5429.02
Fishing Trawler,Warri-Bonny,118.03,LNG,5594.51,11538.68,Moderate,93.59,22.74,59.73,2517.53
Tanker Ship,Port Harcourt-Lagos,119.04,LNG,3037.28,6264.39,Calm,77.62,13.75,52.88,1366.78
Tanker Ship,Escravos-Lagos,76.49,Diesel,4148.94,10839.11,Calm,91.0,17.34,67.12,2489.36
Tanker Ship,Lagos-Apapa,206.81,Methanol,7975.9,19740.35,Calm,90.18,13.32,63.51,5583.13
Tanker Ship,Escravos-Lagos,441.81,LNG,73180.93,150935.67,Moderate,79.61,24.82,98.32,32931.42
Tanker Ship,Port Harcourt-Lagos,115.57,LNG,10401.29,21452.66,Stormy,88.01,24.16,77.89,4680.58
Tanker Ship,Escravos-Lagos,435.76,Diesel,6120.62,15990.12,Stormy,70.77,10.59,67.36,3672.37
Tanker Ship,Escravos-Lagos,231.77,Methanol,17862.61,44209.96,Moderate,85.07,20.58,79.02,12503.83
Tanker Ship,Port Harcourt-Lagos,88.81,Methanol,9891.55,24481.59,Calm,78.59,23.88,56.96,6924.08
Tanker Ship,Port Harcourt-Lagos,487.34,HFO,11111.09,30555.5,Calm,85.83,12.71,72.2,5555.54
Tanker Ship,Escravos-Lagos,305.38,Methanol,26100.49,64598.71,Calm,78.95,18.52,81.31,18270.34
Tanker Ship,Escravos-Lagos,404.67,LNG,42242.19,87124.52,Moderate,78.49,23.73,74.44,19008.99
Tanker Ship,Port Harcourt-Lagos,438.81,Methanol,11106.17,27487.77,Calm,76.39,10.51,70.09,7774.32
Oil Service Boat,Port Harcourt-Lagos,93.39,Diesel,6344.56,16575.16,Stormy,84.67,20.46,99.69,3806.74
Oil Service Boat,Escravos-Lagos,54.67,Diesel,1663.82,4346.73,Stormy,81.74,14.46,94.02,998.29
Oil Service Boat,Escravos-Lagos,129.38,Ammonia,15801.35,2172.69,Moderate,82.1,23.87,81.17,14221.22
Oil Service Boat,Escravos-Lagos,70.55,Diesel,5561.84,14530.31,Calm,82.71,24.57,78.47,3337.1
Oil Service Boat,Port Harcourt-Lagos,116.25,Methanol,13003.44,32183.51,Stormy,78.83,24.16,81.03,9102.41
Oil Service Boat,Lagos-Apapa,101.72,Diesel,3282.62,8575.84,Calm,77.7,17.11,60.07,1969.57
Oil Service Boat,Lagos-Apapa,120.9,LNG,9220.17,19016.6,Moderate,73.46,22.93,69.76,4149.08
Oil Service Boat,Warri-Bonny,87.66,Diesel,3869.41,10108.83,Stormy,75.87,22.67,51.97,2321.65
Oil Service Boat,Warri-Bonny,46.42,LNG,1237.28,2551.89,Moderate,81.75,14.79,73.78,556.78
Oil Service Boat,Escravos-Lagos,37.71,Diesel,2551.89,6666.81,Stormy,94.98,22.43,77.15,1531.13
Oil Service Boat,Port Harcourt-Lagos,26.56,HFO,340.12,935.33,Calm,90.52,10.56,61.39,170.06
Oil Service Boat,Escravos-Lagos,115.51,Diesel,7972.52,20828.21,Moderate,73.89,18.94,98.2,4783.51
Oil Service Boat,Port Harcourt-Lagos,94.39,HFO,2557.62,7033.46,Calm,88.56,13.45,95.47,1278.81
Oil Service Boat,Lagos-Apapa,20.08,Hydrogen,1160.83,0.0,Moderate,87.22,11.81,86.11,1741.24
Oil Service Boat,Escravos-Lagos,69.46,Hydrogen,3421.44,0.0,Calm,75.98,11.15,76.67,5132.16
Oil Service Boat,Escravos-Lagos,29.73,Diesel,1822.93,4762.4,Stormy,93.32,20.44,93.5,1093.76
Oil Service Boat,Lagos-Apapa,119.35,Methanol,3363.73,8325.23,Moderate,90.49,15.1,56.53,2354.61
Oil Service Boat,Escravos-Lagos,149.22,Diesel,9319.28,24346.62,Calm,89.78,20.87,89.53,5591.57
Oil Service Boat,Warri-Bonny,96.46,LNG,1220.81,2517.92,Moderate,74.83,10.98,56.24,549.36
Oil Service Boat,Port Harcourt-Lagos,110.5,Methanol,5301.18,13120.42,Calm,87.93,14.73,89.71,3710.83
Oil Service Boat,Warri-Bonny,39.47,Ammonia,1893.53,260.36,Calm,70.69,18.09,63.79,1704.18
Oil Service Boat,Escravos-Lagos,38.76,Diesel,3375.84,8819.38,Stormy,90.78,21.86,93.85,2025.5
Oil Service Boat,Escravos-Lagos,119.06,Methanol,4991.03,12352.8,Calm,87.54,14.78,97.2,3493.72
Oil Service Boat,Warri-Bonny,87.85,Diesel,3729.13,9742.35,Moderate,85.93,19.39,57.44,2237.48
Surfer Boat,Escravos-Lagos,132.09,Hydrogen,13739.81,0.0,Stormy,80.54,23.29,73.13,20609.72
Surfer Boat,Warri-Bonny,156.94,HFO,5923.5,16289.62,Moderate,83.54,19.24,99.05,2961.75
Surfer Boat,Port Harcourt-Lagos,191.47,LNG,2113.12,4358.31,Stormy,92.62,13.49,74.17,950.9
Surfer Boat,Warri-Bonny,71.41,LNG,533.54,1100.43,Moderate,73.67,10.37,93.18,240.09
Surfer Boat,Warri-Bonny,187.54,LNG,9333.53,19250.41,Moderate,81.52,23.05,79.44,4200.09
Surfer Boat,Lagos-Apapa,180.7,HFO,1344.01,3696.03,Moderate,87.31,10.32,68.77,672.0
Surfer Boat,Lagos-Apapa,123.87,Ammonia,3666.18,504.1,Moderate,74.41,23.12,64.29,3299.56
Surfer Boat,Port Harcourt-Lagos,81.7,HFO,958.18,2635.0,Stormy,80.89,17.93,60.16,479.09
Surfer Boat,Port Harcourt-Lagos,66.1,LNG,4379.96,9033.67,Moderate,71.88,24.09,88.09,1970.98
Surfer Boat,Lagos-Apapa,183.97,HFO,4089.45,11245.99,Stormy,93.24,21.98,69.33,2044.72
Surfer Boat,Escravos-Lagos,122.76,Diesel,6119.96,15988.4,Moderate,76.32,24.97,75.56,3671.98
Surfer Boat,Escravos-Lagos,159.92,LNG,2431.35,5014.66,Moderate,89.35,15.26,74.62,1094.11
Fishing Trawler,Warri-Bonny,82.71,Diesel,4437.37,11592.63,Stormy,92.42,21.51,78.86,2662.42
Fishing Trawler,Warri-Bonny,155.75,HFO,5549.9,15262.22,Moderate,76.48,16.03,93.28,2774.95
Fishing Trawler,Lagos-Apapa,119.4,HFO,4198.54,11545.98,Moderate,94.91,17.2,99.04,2099.27
Fishing Trawler,Lagos-Apapa,133.02,Diesel,4911.31,12830.8,Calm,76.83,19.41,70.38,2946.79
Fishing Trawler,Port Harcourt-Lagos,160.55,Methanol,11914.79,29489.11,Calm,88.01,23.11,91.38,8340.35
Fishing Trawler,Warri-Bonny,82.39,Ammonia,8559.81,1176.97,Calm,72.94,24.76,88.23,7703.83
Fishing Trawler,Warri-Bonny,51.83,HFO,2260.42,6216.16,Moderate,85.21,21.52,78.68,1130.21
Fishing Trawler,Lagos-Apapa,78.98,Diesel,2744.2,7169.22,Stormy,75.84,16.27,97.8,1646.52
Fishing Trawler,Port Harcourt-Lagos,132.72,HFO,3388.35,9317.96,Moderate,93.01,16.32,60.02,1694.18
Fishing Trawler,Port Harcourt-Lagos,194.42,HFO,8024.7,22067.92,Calm,93.32,21.06,55.46,4012.35
Fishing Trawler,Warri-Bonny,89.97,LNG,2010.37,4146.39,Stormy,91.2,13.58,92.7,904.67
Fishing Trawler,Escravos-Lagos,80.5,LNG,1451.4,2993.51,Calm,71.62,11.66,71.96,653.13
Tanker Ship,Escravos-Lagos,170.41,HFO,9825.26,27019.46,Calm,88.86,15.32,92.35,4912.63
Tanker Ship,Warri-Bonny,401.99,HFO,14760.82,40592.25,Calm,93.79,14.31,94.65,7380.41
Tanker Ship,Warri-Bonny,480.77,HFO,10528.97,28954.67,Calm,91.84,14.44,53.12,5264.48
Tanker Ship,Warri-Bonny,72.98,Methanol,2691.75,6662.08,Moderate,81.0,13.5,94.17,1884.22
Tanker Ship,Lagos-Apapa,471.82,Hydrogen,24507.35,0.0,Calm,80.85,10.63,72.42,36761.02
Tanker Ship,Lagos-Apapa,347.23,HFO,5632.78,15490.14,Calm,87.31,10.27,75.52,2816.39
Tanker Ship,Lagos-Apapa,409.5,HFO,44603.83,122660.53,Stormy,76.3,24.82,81.33,22301.92
Tanker Ship,Lagos-Apapa,139.91,Ammonia,12092.08,1662.66,Stormy,76.96,16.42,96.32,10882.87
Tanker Ship,Escravos-Lagos,460.79,Ammonia,21155.28,2908.85,Calm,86.9,15.76,50.96,19039.75
Tanker Ship,Lagos-Apapa,286.38,Diesel,21278.15,55589.17,Moderate,85.74,20.19,73.84,12766.89
Tanker Ship,Warri-Bonny,264.88,HFO,11567.55,31810.76,Moderate,80.73,13.27,84.39,5783.78
Tanker Ship,Lagos-Apapa,168.51,HFO,22026.18,60572.0,Moderate,84.01,24.25,86.14,11013.09
Tanker Ship,Warri-Bonny,258.79,LNG,25479.5,52551.47,Moderate,85.31,21.8,84.63,11465.78
Tanker Ship,Escravos-Lagos,340.52,Diesel,4736.34,12373.69,Calm,76.01,11.34,56.72,2841.8
Tanker Ship,Port Harcourt-Lagos,481.55,HFO,21888.35,60192.96,Calm,77.75,16.26,64.97,10944.18
Tanker Ship,Warri-Bonny,468.84,LNG,53090.31,109498.76,Calm,86.7,23.19,67.94,23890.64
Tanker Ship,Escravos-Lagos,345.89,HFO,47090.81,129499.73,Stormy,70.75,24.17,90.22,23545.4
Tanker Ship,Escravos-Lagos,261.11,Methanol,16727.79,41401.28,Moderate,87.16,17.01,63.94,11709.45
Tanker Ship,Lagos-Apapa,333.5,Diesel,18779.8,49062.23,Calm,91.78,19.2,60.54,11267.88
Tanker Ship,Lagos-Apapa,283.9,HFO,11668.13,32087.36,Stormy,78.57,12.51,97.87,5834.06
Tanker Ship,Lagos-Apapa,382.49,LNG,24819.34,51189.89,Calm,92.74,24.87,50.44,11168.7
Tanker Ship,Warri-Bonny,122.06,Diesel,6158.53,16089.16,Moderate,91.7,13.48,99.89,3695.12
Tanker Ship,Lagos-Apapa,137.59,Hydrogen,46365.04,0.0,Calm,83.35,24.14,83.84,69547.56
Tanker Ship,Lagos-Apapa,142.39,LNG,13267.59,27364.4,Stormy,91.72,19.74,91.42,5970.42
Fishing Trawler,Lagos-Apapa,150.46,Diesel,4777.66,12481.64,Moderate,87.33,19.12,64.73,2866.6
Fishing Trawler,Lagos-Apapa,145.65,Methanol,4772.67,11812.36,Calm,90.73,17.69,50.72,3340.87
Fishing Trawler,Warri-Bonny,117.93,Diesel,3100.13,8099.09,Moderate,91.9,13.46,86.89,1860.08
Fishing Trawler,Lagos-Apapa,172.62,Ammonia,4438.6,610.31,Moderate,72.05,12.65,91.71,3994.74
Fishing Trawler,Warri-Bonny,86.3,Diesel,2115.55,5526.87,Moderate,83.89,13.31,87.02,1269.33
Fishing Trawler,Escravos-Lagos,54.9,LNG,693.32,1429.97,Moderate,76.39,12.8,57.14,311.99
Fishing Trawler,Lagos-Apapa,92.52,HFO,5986.7,16463.42,Moderate,93.89,21.69,87.67,2993.35
Fishing Trawler,Lagos-Apapa,192.28,Diesel,5254.96,13728.58,Stormy,92.08,15.25,88.45,3152.98
Fishing Trawler,Warri-Bonny,56.93,Methanol,943.81,2335.93,Stormy,79.85,10.87,82.93,660.67
Fishing Trawler,Escravos-Lagos,160.58,Methanol,18127.78,44866.26,Stormy,84.35,24.54,88.31,12689.45
Fishing Trawler,Escravos-Lagos,53.58,HFO,4418.29,12150.3,Moderate,89.49,23.26,92.3,2209.14
Fishing Trawler,Port Harcourt-Lagos,175.22,HFO,13976.9,38436.48,Moderate,77.41,23.92,80.68,6988.45
Fishing Trawler,Escravos-Lagos,74.99,Methanol,4082.37,10103.87,Calm,92.18,24.92,54.43,2857.66
Fishing Trawler,Escravos-Lagos,81.1,Ammonia,1644.9,226.17,Calm,73.74,12.61,74.38,1480.41
Fishing Trawler,Port Harcourt-Lagos,128.07,HFO,2237.07,6151.94,Moderate,77.46,15.94,53.88,1118.54
Fishing Trawler,Warri-Bonny,154.35,Diesel,5983.17,15631.03,Calm,81.47,21.37,70.38,3589.9
Fishing Trawler,Port Harcourt-Lagos,62.4,Diesel,2535.68,6624.46,Moderate,89.19,20.44,70.36,1521.41
Fishing Trawler,Escravos-Lagos,137.36,Ammonia,2736.71,376.3,Moderate,75.74,12.31,53.3,2463.04
Fishing Trawler,Warri-Bonny,88.13,HFO,4736.62,13025.7,Calm,90.36,22.24,67.44,2368.31
Fishing Trawler,Lagos-Apapa,107.32,HFO,1337.03,3676.83,Stormy,81.78,13.37,55.55,668.52
Fishing Trawler,Lagos-Apapa,98.99,Methanol,2679.67,6632.18,Stormy,82.2,13.36,90.41,1875.77
Fishing Trawler,Escravos-Lagos,62.6,HFO,3115.43,8567.43,Calm,75.0,18.05,97.38,1557.72
Fishing Trawler,Warri-Bonny,183.26,Diesel,5442.77,14219.24,Stormy,86.44,18.89,53.62,3265.66
Fishing Trawler,Lagos-Apapa,186.24,Diesel,7940.64,20744.92,Moderate,88.95,18.7,97.76,4764.38
Oil Service Boat,Port Harcourt-Lagos,90.65,Diesel,1542.03,4028.55,Stormy,83.06,11.37,76.13,925.22
Oil Service Boat,Escravos-Lagos,48.59,Diesel,3010.36,7864.57,Moderate,76.16,23.16,64.98,1806.22
Oil Service Boat,Warri-Bonny,83.5,LNG,1884.81,3887.42,Calm,85.25,13.98,53.84,848.16
Oil Service Boat,Escravos-Lagos,119.57,HFO,2466.86,6783.87,Moderate,78.39,11.94,75.03,1233.43
Oil Service Boat,Port Harcourt-Lagos,60.98,LNG,5401.62,11140.84,Moderate,71.3,23.33,89.73,2430.73
Oil Service Boat,Lagos-Apapa,81.81,Methanol,7521.97,18616.88,Calm,93.57,24.33,85.35,5265.38
Oil Service Boat,Escravos-Lagos,110.71,Methanol,7548.94,18683.63,Calm,93.43,22.93,52.51,5284.26
Oil Service Boat,Escravos-Lagos,121.72,HFO,5971.51,16421.65,Moderate,92.94,22.14,53.65,2985.76
Oil Service Boat,Warri-Bonny,142.86,HFO,7983.49,21954.6,Stormy,75.35,19.83,70.14,3991.74
Oil Service Boat,Warri-Bonny,103.58,Diesel,3597.86,9399.41,Moderate,76.28,18.26,64.76,2158.72
Oil Service Boat,Port Harcourt-Lagos,144.37,Diesel,2157.28,5635.89,Moderate,82.7,11.3,61.62,1294.37
Oil Service Boat,Escravos-Lagos,149.15,Diesel,3654.56,9547.54,Calm,91.1,16.13,64.05,2192.74
Oil Service Boat,Port Harcourt-Lagos,136.93,LNG,5438.07,11216.02,Moderate,89.91,15.59,90.17,2447.13
Oil Service Boat,Lagos-Apapa,88.8,HFO,2953.53,8122.21,Calm,82.53,13.9,96.46,1476.76
Oil Service Boat,Port Harcourt-Lagos,60.34,HFO,3448.99,9484.72,Calm,84.82,20.85,70.26,1724.5
Oil Service Boat,Escravos-Lagos,32.47,Diesel,1671.48,4366.74,Calm,84.33,17.44,95.31,1002.89
Oil Service Boat,Escravos-Lagos,68.69,LNG,1257.62,2593.84,Moderate,93.0,11.22,66.07,565.93
Oil Service Boat,Port Harcourt-Lagos,21.11,HFO,558.61,1536.18,Calm,73.01,13.3,73.82,279.3
Oil Service Boat,Lagos-Apapa,133.48,LNG,6731.63,13883.99,Stormy,80.55,20.25,61.3,3029.23
Oil Service Boat,Escravos-Lagos,61.37,Diesel,1129.11,2949.8,Stormy,83.42,11.14,82.02,677.47
Oil Service Boat,Escravos-Lagos,21.02,Ammonia,2317.61,318.67,Stormy,92.55,22.77,98.95,2085.85
Oil Service Boat,Escravos-Lagos,30.86,Ammonia,1608.13,221.12,Calm,93.78,17.43,80.17,1447.32
Oil Service Boat,Port Harcourt-Lagos,58.52,Diesel,2201.17,5750.56,Moderate,94.66,17.21,67.89,1320.7
Oil Service Boat,Escravos-Lagos,143.98,HFO,7370.06,20267.66,Calm,75.9,18.89,82.39,3685.03
Surfer Boat,Port Harcourt-Lagos,90.07,Diesel,2600.22,6793.07,Calm,83.13,22.37,56.15,1560.13
Surfer Boat,Lagos-Apapa,104.75,HFO,1982.3,5451.32,Calm,78.14,15.22,94.43,991.15
Surfer Boat,Port Harcourt-Lagos,168.82,LNG,5017.61,10348.82,Moderate,87.8,20.17,75.15,2257.92
Surfer Boat,Lagos-Apapa,171.93,Methanol,3392.48,8396.39,Moderate,80.69,18.49,72.47,2374.74
Surfer Boat,Escravos-Lagos,118.67,LNG,1912.9,3945.36,Moderate,78.91,14.01,79.29,860.8
Surfer Boat,Escravos-Lagos,21.42,Methanol,738.4,1827.54,Moderate,71.97,23.18,81.24,516.88
Surfer Boat,Lagos-Apapa,195.28,Diesel,4816.67,12583.55,Calm,81.38,21.96,53.59,2890.0
Surfer Boat,Port Harcourt-Lagos,44.06,HFO,1684.66,4632.82,Calm,81.73,19.88,84.13,842.33
Surfer Boat,Warri-Bonny,95.11,Methanol,4203.1,10402.67,Moderate,86.8,22.76,62.1,2942.17
Surfer Boat,Escravos-Lagos,138.09,Diesel,3527.41,9215.36,Moderate,88.86,23.01,85.7,2116.45
Surfer Boat,Escravos-Lagos,81.49,LNG,3888.83,8020.71,Stormy,80.39,20.63,91.13,1749.97
Surfer Boat,Port Harcourt-Lagos,157.85,Diesel,6428.33,16794.01,Moderate,85.78,22.56,90.2,3857.0
Fishing Trawler,Escravos-Lagos,61.79,HFO,2545.73,7000.76,Calm,74.4,20.46,77.63,1272.86
Fishing Trawler,Lagos-Apapa,182.5,Hydrogen,21460.12,0.0,Calm,84.02,20.2,76.01,32190.18
Fishing Trawler,Escravos-Lagos,113.34,HFO,3897.07,10716.94,Calm,74.98,19.28,57.14,1948.54
Fishing Trawler,Escravos-Lagos,85.65,Hydrogen,14621.14,0.0,Moderate,88.95,21.29,88.77,21931.71
Fishing Trawler,Warri-Bonny,148.86,Hydrogen,4774.05,0.0,Stormy,70.25,12.38,63.57,7161.08
Fishing Trawler,Lagos-Apapa,164.39,Methanol,10101.93,25002.28,Calm,75.4,23.21,74.83,7071.35
Fishing Trawler,Escravos-Lagos,119.05,LNG,7616.78,15709.61,Calm,87.62,23.08,64.21,3427.55
Fishing Trawler,Escravos-Lagos,52.56,LNG,571.63,1178.99,Stormy,77.32,10.44,56.69,257.23
Fishing Trawler,Warri-Bonny,158.36,Ammonia,15487.41,2129.52,Stormy,74.91,22.39,81.48,13938.67
Fishing Trawler,Escravos-Lagos,108.0,Diesel,1070.17,2795.82,Calm,77.77,11.93,52.72,642.1
Fishing Trawler,Port Harcourt-Lagos,173.47,Diesel,4004.32,10461.29,Moderate,76.9,15.03,87.43,2402.59
Fishing Trawler,Port Harcourt-Lagos,101.87,LNG,4623.73,9536.44,Moderate,73.78,21.15,65.88,2080.68
Tanker Ship,Lagos-Apapa,258.1,Diesel,4615.72,12058.57,Stormy,88.54,12.41,50.01,2769.43
Tanker Ship,Port Harcourt-Lagos,154.45,Diesel,13611.16,35559.16,Moderate,75.97,22.27,75.56,8166.7
Tanker Ship,Port Harcourt-Lagos,231.15,Diesel,17146.9,44796.28,Stormy,83.24,22.48,52.34,10288.14
Tanker Ship,Escravos-Lagos,85.55,LNG,5202.34,10729.83,Moderate,78.25,17.61,63.81,2341.05
Tanker Ship,Escravos-Lagos,458.6,Ammonia,14338.23,1971.51,Stormy,77.01,10.1,85.35,12904.41
Tanker Ship,Escravos-Lagos,306.63,HFO,7219.31,19853.1,Stormy,78.56,14.31,53.13,3609.66
Tanker Ship,Port Harcourt-Lagos,59.63,Ammonia,7428.93,1021.48,Stormy,73.43,19.25,91.97,6686.04
Tanker Ship,Warri-Bonny,186.6,LNG,12231.46,25227.39,Stormy,83.1,24.72,50.19,5504.16
Tanker Ship,Port Harcourt-Lagos,193.61,Methanol,12962.43,32082.01,Calm,89.47,19.48,62.34,9073.7
Tanker Ship,Port Harcourt-Lagos,463.72,LNG,18230.88,37601.19,Calm,82.44,13.9,87.05,8203.9
Tanker Ship,Lagos-Apapa,81.68,Methanol,5646.76,13975.73,Stormy,78.3,19.51,65.81,3952.73
Tanker Ship,Warri-Bonny,56.97,HFO,2916.22,8019.6,Stormy,70.06,18.1,55.09,1458.11
Tanker Ship,Escravos-Lagos,66.84,Methanol,5843.04,14461.52,Stormy,89.61,21.7,68.01,4090.13
Tanker Ship,Port Harcourt-Lagos,381.96,HFO,6569.78,18066.9,Calm,85.12,11.6,63.52,3284.89
Tanker Ship,Port Harcourt-Lagos,363.68,Ammonia,44902.23,6174.06,Stormy,86.87,21.42,92.14,40412.01
Tanker Ship,Warri-Bonny,333.76,Hydrogen,45843.86,0.0,Calm,70.7,18.12,65.67,68765.79
Tanker Ship,Lagos-Apapa,437.8,Diesel,41127.54,107445.7,Stormy,77.9,24.44,89.45,24676.52
Tanker Ship,Lagos-Apapa,69.56,HFO,3667.82,10086.51,Calm,92.39,15.13,94.59,1833.91
Tanker Ship,Escravos-Lagos,332.91,Methanol,21932.87,54283.85,Calm,78.96,19.49,71.69,15353.01
Tanker Ship,Port Harcourt-Lagos,422.29,Diesel,51004.73,133249.86,Moderate,84.8,23.98,95.5,30602.84
Tanker Ship,Escravos-Lagos,310.5,Ammonia,9951.1,1368.28,Moderate,92.14,11.54,68.87,8955.99
Tanker Ship,Lagos-Apapa,325.38,HFO,40746.16,112051.94,Calm,74.02,24.06,98.2,20373.08
Tanker Ship,Port Harcourt-Lagos,207.58,HFO,11738.27,32280.24,Stormy,72.44,20.32,54.46,5869.14
Tanker Ship,Port Harcourt-Lagos,106.48,Hydrogen,6562.15,0.0,Stormy,89.38,11.02,84.35,9843.22
Surfer Boat,Port Harcourt-Lagos,146.74,LNG,2179.35,4494.91,Moderate,83.14,14.51,74.69,980.71
Surfer Boat,Escravos-Lagos,130.97,Methanol,3632.8,8991.18,Stormy,89.33,20.62,69.38,2542.96
Surfer Boat,Escravos-Lagos,117.09,Diesel,982.21,2566.02,Moderate,89.97,11.01,81.64,589.33
Surfer Boat,Lagos-Apapa,183.03,LNG,4079.01,8412.96,Stormy,87.29,18.73,85.19,1835.55
Surfer Boat,Port Harcourt-Lagos,150.55,LNG,2175.66,4487.3,Moderate,71.64,15.19,50.22,979.05
Surfer Boat,Port Harcourt-Lagos,31.27,LNG,836.27,1724.81,Stormy,75.56,19.31,58.35,376.32
Surfer Boat,Warri-Bonny,199.91,LNG,1344.69,2773.42,Stormy,92.46,10.69,85.65,605.11
Surfer Boat,Port Harcourt-Lagos,87.18,LNG,4002.61,8255.38,Stormy,88.56,23.07,83.32,1801.17
Surfer Boat,Port Harcourt-Lagos,105.12,Diesel,7020.09,18339.99,Moderate,78.14,24.6,98.3,4212.05
Surfer Boat,Port Harcourt-Lagos,32.5,Diesel,1392.16,3637.02,Moderate,86.15,24.53,88.05,835.3
Surfer Boat,Escravos-Lagos,127.28,Methanol,5977.69,14794.78,Moderate,86.08,21.24,97.54,4184.38
Surfer Boat,Port Harcourt-Lagos,169.85,HFO,2036.98,5601.7,Moderate,86.52,11.95,85.13,1018.49
Surfer Boat,Warri-Bonny,188.84,LNG,3960.21,8167.93,Stormy,80.93,21.37,64.9,1782.09
Surfer Boat,Warri-Bonny,165.63,HFO,694.43,1909.68,Moderate,83.62,10.37,55.27,347.22
Surfer Boat,Warri-Bonny,86.77,LNG,701.94,1447.75,Moderate,70.81,10.33,89.09,315.87
Surfer Boat,Port Harcourt-Lagos,97.27,Methanol,2231.98,5524.15,Calm,91.26,14.85,82.21,1562.39
Surfer Boat,Escravos-Lagos,184.51,HFO,3337.81,9178.98,Calm,75.73,17.33,52.41,1668.9
Surfer Boat,Lagos-Apapa,127.45,HFO,3267.32,8985.13,Moderate,94.38,21.56,68.0,1633.66
Surfer Boat,Warri-Bonny,23.36,HFO,1054.52,2899.93,Stormy,94.56,20.25,97.84,527.26
Surfer Boat,Port Harcourt-Lagos,165.73,LNG,4045.37,8343.58,Moderate,92.37,16.69,75.02,1820.42
Surfer Boat,Port Harcourt-Lagos,197.25,Methanol,3898.12,9647.85,Calm,71.0,14.1,71.64,2728.68
Surfer Boat,Port Harcourt-Lagos,175.84,HFO,6365.87,17506.14,Calm,82.52,24.96,72.88,3182.94
Surfer Boat,Lagos-Apapa,64.04,Methanol,1477.05,3655.7,Calm,85.89,16.39,60.44,1033.94
Surfer Boat,Lagos-Apapa,94.2,Diesel,1417.39,3702.93,Moderate,77.1,16.77,68.44,850.43
Surfer Boat,Port Harcourt-Lagos,114.52,Diesel,1087.0,2839.79,Stormy,74.26,12.45,68.49,652.2
Surfer Boat,Lagos-Apapa,105.11,Ammonia,3822.76,525.63,Stormy,77.82,21.92,52.62,3440.48
Surfer Boat,Warri-Bonny,50.68,Diesel,1364.61,3565.04,Moderate,83.5,20.41,88.38,818.77
Surfer Boat,Lagos-Apapa,199.16,Diesel,2706.09,7069.66,Calm,80.75,13.31,70.83,1623.65
Surfer Boat,Escravos-Lagos,175.73,HFO,1318.59,3626.12,Stormy,92.99,11.24,91.11,659.3
Surfer Boat,Warri-Bonny,48.53,HFO,1559.58,4288.84,Stormy,87.03,20.21,92.52,779.79
Surfer Boat,Escravos-Lagos,26.09,Diesel,391.41,1022.56,Moderate,88.67,19.82,60.6,234.85
Surfer Boat,Warri-Bonny,24.71,HFO,400.52,1101.43,Stormy,92.46,14.1,82.87,200.26
Surfer Boat,Port Harcourt-Lagos,150.33,LNG,4947.62,10204.47,Moderate,78.43,24.26,73.61,2226.43
Surfer Boat,Lagos-Apapa,158.68,Diesel,2308.84,6031.84,Moderate,85.79,12.27,94.01,1385.3
Surfer Boat,Escravos-Lagos,175.33,LNG,3584.9,7393.86,Stormy,80.05,16.49,60.79,1613.2
Surfer Boat,Warri-Bonny,64.1,HFO,3052.61,8394.68,Moderate,71.07,24.15,83.89,1526.3
Oil Service Boat,Port Harcourt-Lagos,55.09,Diesel,1693.8,4425.05,Moderate,82.32,16.3,80.39,1016.28
Oil Service Boat,Warri-Bonny,99.99,LNG,4705.28,9704.64,Stormy,70.61,19.58,64.77,2117.38
Oil Service Boat,Lagos-Apapa,131.58,Hydrogen,8483.03,0.0,Moderate,94.5,15.96,56.83,12724.55
Oil Service Boat,Port Harcourt-Lagos,68.15,HFO,2285.15,6284.16,Calm,80.78,14.11,82.58,1142.58
Oil Service Boat,Lagos-Apapa,93.39,Ammonia,11062.31,1521.07,Moderate,94.24,24.76,86.93,9956.08
Oil Service Boat,Port Harcourt-Lagos,124.49,LNG,4131.77,8521.78,Moderate,82.55,16.14,65.78,1859.3
Oil Service Boat,Escravos-Lagos,84.89,LNG,8710.36,17965.12,Moderate,92.3,23.41,82.24,3919.66
Oil Service Boat,Warri-Bonny,78.78,LNG,1817.77,3749.15,Stormy,77.9,13.45,69.76,818.0
Oil Service Boat,Lagos-Apapa,67.77,HFO,1720.18,4730.5,Calm,72.88,13.2,85.66,860.09
Oil Service Boat,Escravos-Lagos,85.83,HFO,965.75,2655.81,Stormy,76.2,10.47,59.96,482.88
Oil Service Boat,Escravos-Lagos,144.88,LNG,10561.92,21783.96,Calm,80.26,19.78,94.51,4752.86
Oil Service Boat,Warri-Bonny,28.52,Diesel,731.65,1911.44,Calm,77.11,15.53,64.37,438.99
Oil Service Boat,Lagos-Apapa,47.93,Ammonia,4976.41,684.26,Calm,78.61,22.97,68.39,4478.77
Oil Service Boat,Port Harcourt-Lagos,26.53,Diesel,589.0,1538.76,Stormy,80.25,17.1,52.9,353.4
Oil Service Boat,Port Harcourt-Lagos,117.71,HFO,7883.95,21680.86,Moderate,73.32,24.52,55.58,3941.98
Oil Service Boat,Warri-Bonny,67.04,Methanol,2035.6,5038.11,Stormy,87.78,12.78,75.79,1424.92
Oil Service Boat,Escravos-Lagos,107.12,Diesel,5128.52,13398.26,Moderate,84.63,23.03,63.38,3077.11
Oil Service Boat,Warri-Bonny,91.89,LNG,7300.2,15056.66,Moderate,85.75,21.65,91.77,3285.09
Oil Service Boat,Lagos-Apapa,70.54,LNG,3093.39,6380.12,Calm,83.83,21.56,50.73,1392.03
Oil Service Boat,Lagos-Apapa,118.59,Ammonia,11317.71,1556.19,Stormy,93.36,22.67,68.95,10185.94
Oil Service Boat,Port Harcourt-Lagos,126.17,Methanol,7272.65,17999.81,Calm,90.27,21.42,66.87,5090.85
Oil Service Boat,Warri-Bonny,111.52,LNG,4265.89,8798.4,Stormy,88.85,19.39,50.97,1919.65
Oil Service Boat,Lagos-Apapa,121.05,LNG,1897.06,3912.69,Stormy,91.71,11.97,56.22,853.68
Oil Service Boat,Warri-Bonny,126.45,Ammonia,2832.21,389.43,Moderate,78.75,10.49,70.68,2548.99
Oil Service Boat,Port Harcourt-Lagos,146.92,Diesel,12199.33,31870.75,Moderate,94.16,23.81,74.64,7319.6
Oil Service Boat,Lagos-Apapa,39.14,HFO,1900.99,5227.72,Calm,76.4,19.25,70.21,950.5
Oil Service Boat,Port Harcourt-Lagos,29.32,Diesel,2073.06,5415.87,Stormy,88.73,21.95,76.55,1243.84
Oil Service Boat,Lagos-Apapa,23.48,HFO,1026.3,2822.32,Stormy,84.96,17.22,79.76,513.15
Oil Service Boat,Escravos-Lagos,118.88,LNG,1637.3,3376.93,Calm,90.43,11.76,50.5,736.78
Oil Service Boat,Port Harcourt-Lagos,115.76,LNG,2541.98,5242.83,Stormy,73.54,11.88,73.2,1143.89
Oil Service Boat,Escravos-Lagos,64.62,LNG,4627.56,9544.34,Calm,89.78,20.28,98.17,2082.4
Oil Service Boat,Warri-Bonny,85.26,HFO,2923.22,8038.86,Calm,93.51,16.45,75.95,1461.61
Oil Service Boat,Port Harcourt-Lagos,85.23,Methanol,2703.1,6690.17,Calm,93.14,13.01,83.88,1892.17
Oil Service Boat,Escravos-Lagos,64.89,Diesel,1869.82,4884.9,Moderate,86.2,17.37,65.59,1121.89
Oil Service Boat,Port Harcourt-Lagos,100.23,LNG,1922.14,3964.41,Calm,84.45,10.96,88.7,864.96
Oil Service Boat,Port Harcourt-Lagos,119.56,LNG,8398.15,17321.18,Stormy,81.55,18.73,88.65,3779.17
Fishing Trawler,Escravos-Lagos,101.68,Diesel,2354.47,6151.05,Calm,92.42,14.03,76.06,1412.68
Fishing Trawler,Port Harcourt-Lagos,199.96,HFO,11353.32,31221.63,Moderate,87.14,21.96,98.8,5676.66
Fishing Trawler,Lagos-Apapa,94.58,HFO,1910.98,5255.2,Stormy,77.79,14.66,56.28,955.49
Fishing Trawler,Warri-Bonny,158.15,Methanol,3789.8,9379.76,Calm,90.28,16.83,50.85,2652.86
Fishing Trawler,Escravos-Lagos,81.07,Ammonia,1411.2,194.04,Stormy,90.41,10.17,88.51,1270.08
Fishing Trawler,Lagos-Apapa,79.62,LNG,1439.2,2968.35,Moderate,84.6,11.09,90.36,647.64
Fishing Trawler,Warri-Bonny,187.55,HFO,4384.68,12057.87,Calm,94.95,15.89,56.01,2192.34
Fishing Trawler,Escravos-Lagos,86.36,Diesel,2138.75,5587.48,Moderate,76.68,17.2,63.28,1283.25
Fishing Trawler,Warri-Bonny,116.35,Methanol,3753.21,9289.19,Calm,76.55,19.0,50.88,2627.25
Fishing Trawler,Lagos-Apapa,67.59,Methanol,1797.62,4449.11,Moderate,93.61,14.37,64.67,1258.33
Fishing Trawler,Port Harcourt-Lagos,176.6,HFO,9644.68,26522.87,Stormy,74.52,20.42,88.66,4822.34
Fishing Trawler,Escravos-Lagos,68.35,HFO,4430.4,12183.6,Moderate,75.12,22.9,75.9,2215.2
Fishing Trawler,Escravos-Lagos,132.29,Methanol,6131.59,15175.69,Moderate,90.86,21.7,67.4,4292.11
Fishing Trawler,Lagos-Apapa,51.81,Diesel,449.99,1175.6,Calm,84.32,10.59,68.59,269.99
Fishing Trawler,Escravos-Lagos,89.31,Diesel,1978.48,5168.78,Stormy,77.07,17.21,50.07,1187.09
Fishing Trawler,Port Harcourt-Lagos,187.46,HFO,1977.2,5437.3,Calm,93.94,11.57,64.99,988.6
Fishing Trawler,Escravos-Lagos,111.39,LNG,2594.21,5350.56,Moderate,83.11,13.63,82.32,1167.39
Fishing Trawler,Lagos-Apapa,191.89,Ammonia,26075.71,3585.41,Moderate,79.38,24.8,98.71,23468.14
Fishing Trawler,Port Harcourt-Lagos,166.94,Hydrogen,9912.16,0.0,Moderate,83.32,12.14,92.35,14868.24
Fishing Trawler,Lagos-Apapa,148.18,LNG,3899.79,8043.32,Stormy,89.11,17.48,51.18,1754.91
Fishing Trawler,Escravos-Lagos,119.4,LNG,6489.75,13385.11,Stormy,85.51,19.27,94.93,2920.39
Fishing Trawler,Warri-Bonny,142.52,HFO,9138.28,25130.27,Moderate,94.15,20.54,89.16,4569.14
Fishing Trawler,Escravos-Lagos,187.75,LNG,9661.45,19926.74,Moderate,72.93,18.39,89.02,4347.65
Fishing Trawler,Escravos-Lagos,53.55,Diesel,506.4,1322.97,Calm,94.17,10.15,72.9,303.84
Tanker Ship,Escravos-Lagos,171.96,LNG,7785.16,16056.89,Stormy,73.12,14.9,69.9,3503.32
Tanker Ship,Lagos-Apapa,383.81,Diesel,18675.4,48789.48,Moderate,88.24,17.77,65.15,11205.24
Tanker Ship,Lagos-Apapa,408.78,HFO,8149.31,22410.6,Moderate,74.94,11.32,53.28,4074.66
Tanker Ship,Port Harcourt-Lagos,372.93,HFO,15530.33,42708.41,Calm,86.19,15.26,61.41,7765.16
Tanker Ship,Lagos-Apapa,292.04,Diesel,3996.95,10442.03,Stormy,85.86,10.5,62.33,2398.17
Tanker Ship,Warri-Bonny,117.82,HFO,3137.05,8626.89,Calm,83.83,11.18,74.2,1568.52
Tanker Ship,Warri-Bonny,92.48,HFO,5834.88,16045.92,Stormy,73.82,15.95,87.37,2917.44
Tanker Ship,Warri-Bonny,69.7,Hydrogen,5315.23,0.0,Moderate,77.13,11.99,73.69,7972.84
Tanker Ship,Escravos-Lagos,475.63,Diesel,22696.17,59293.74,Calm,78.67,18.51,52.89,13617.7
Tanker Ship,Port Harcourt-Lagos,116.15,LNG,13871.49,28609.95,Calm,76.24,20.34,97.89,6242.17
Tanker Ship,Port Harcourt-Lagos,177.01,Ammonia,22136.09,3043.71,Calm,87.45,22.01,97.14,19922.48
Tanker Ship,Lagos-Apapa,244.89,Hydrogen,17967.57,0.0,Moderate,75.49,13.0,89.26,26951.36
Surfer Boat,Port Harcourt-Lagos,157.98,LNG,3030.82,6251.07,Stormy,90.67,12.51,99.57,1363.87
Surfer Boat,Warri-Bonny,109.14,Methanol,1367.3,3384.07,Calm,75.85,11.57,77.22,957.11
Surfer Boat,Warri-Bonny,75.36,Diesel,1626.09,4248.16,Calm,73.9,19.55,98.14,975.65
Surfer Boat,Escravos-Lagos,144.38,Diesel,3692.52,9646.71,Moderate,90.36,20.6,53.78,2215.51
Surfer Boat,Lagos-Apapa,28.32,Diesel,170.86,446.37,Moderate,70.81,10.47,68.28,102.52
Surfer Boat,Lagos-Apapa,63.5,LNG,2567.97,5296.44,Moderate,75.42,24.04,61.27,1155.59
Surfer Boat,Escravos-Lagos,105.68,LNG,555.16,1145.02,Moderate,85.23,10.78,59.79,249.82
Surfer Boat,Escravos-Lagos,75.9,Diesel,1565.56,4090.03,Stormy,78.89,18.12,57.04,939.34
Surfer Boat,Port Harcourt-Lagos,46.62,HFO,1620.07,4455.19,Calm,81.54,20.64,81.12,810.04
Surfer Boat,Escravos-Lagos,56.33,LNG,3043.82,6277.88,Stormy,73.96,23.06,89.07,1369.72
Surfer Boat,Escravos-Lagos,164.18,HFO,3713.82,10213.01,Stormy,78.36,20.71,78.91,1856.91
Surfer Boat,Lagos-Apapa,121.94,LNG,3194.76,6589.19,Calm,74.12,22.03,57.35,1437.64
Surfer Boat,Escravos-Lagos,148.03,LNG,3591.12,7406.68,Moderate,79.66,15.09,90.56,1616.0
Surfer Boat,Lagos-Apapa,86.91,Methanol,4639.94,11483.85,Calm,77.17,22.22,81.8,3247.96
Surfer Boat,Lagos-Apapa,23.21,Methanol,232.5,575.44,Stormy,81.62,11.2,69.41,162.75
Surfer Boat,Port Harcourt-Lagos,154.44,Ammonia,9914.89,1363.3,Moderate,75.89,23.42,83.71,8923.4
Surfer Boat,Warri-Bonny,174.09,Diesel,2270.11,5930.66,Calm,72.94,18.21,63.0,1362.07
Surfer Boat,Lagos-Apapa,172.91,Methanol,5165.77,12785.28,Moderate,75.24,22.26,67.26,3616.04
Surfer Boat,Escravos-Lagos,122.24,LNG,2842.5,5862.66,Stormy,90.72,16.78,95.87,1279.12
Surfer Boat,Lagos-Apapa,20.17,HFO,436.46,1200.26,Calm,74.15,19.65,64.53,218.23
Surfer Boat,Port Harcourt-Lagos,67.19,HFO,1223.94,3365.84,Moderate,79.11,17.9,73.5,611.97
Surfer Boat,Warri-Bonny,70.84,Diesel,1867.38,4878.53,Stormy,84.14,20.97,94.51,1120.43
Surfer Boat,Lagos-Apapa,65.15,Diesel,510.21,1332.92,Stormy,89.9,11.22,85.39,306.13
Surfer Boat,Warri-Bonny,103.85,LNG,754.95,1557.08,Moderate,89.19,10.91,53.11,339.73
Surfer Boat,Lagos-Apapa,187.27,Methanol,1831.83,4533.78,Moderate,77.64,13.71,57.37,1282.28
Surfer Boat,Escravos-Lagos,113.78,HFO,673.21,1851.33,Stormy,81.55,12.39,50.39,336.6
Surfer Boat,Escravos-Lagos,132.24,HFO,4316.13,11869.36,Moderate,87.5,23.08,81.55,2158.06
Surfer Boat,Lagos-Apapa,193.96,Hydrogen,7199.52,0.0,Stormy,80.94,13.29,72.38,10799.28
Surfer Boat,Warri-Bonny,174.52,HFO,5992.94,16480.58,Moderate,92.95,24.64,56.71,2996.47
Surfer Boat,Escravos-Lagos,99.31,Diesel,2273.84,5940.41,Calm,86.53,15.05,97.9,1364.3
Surfer Boat,Warri-Bonny,193.19,LNG,1571.29,3240.79,Calm,83.8,12.73,76.48,707.08
Surfer Boat,Escravos-Lagos,179.92,LNG,5373.46,11082.76,Stormy,79.58,21.85,62.09,2418.06
Surfer Boat,Lagos-Apapa,50.37,HFO,1215.11,3341.55,Stormy,72.06,19.88,75.03,607.55
Surfer Boat,Escravos-Lagos,43.41,HFO,715.58,1967.84,Calm,74.96,17.47,83.98,357.79
Surfer Boat,Warri-Bonny,191.46,HFO,2986.83,8213.78,Moderate,70.7,18.33,53.81,1493.42
Surfer Boat,Port Harcourt-Lagos,49.69,LNG,934.99,1928.42,Stormy,77.91,20.79,63.74,420.75
Oil Service Boat,Escravos-Lagos,59.52,LNG,1912.97,3945.5,Stormy,72.45,13.43,90.35,860.84
Oil Service Boat,Port Harcourt-Lagos,92.18,HFO,7580.4,20846.1,Stormy,72.65,24.95,72.98,3790.2
Oil Service Boat,Lagos-Apapa,110.46,LNG,11178.8,23056.28,Moderate,82.94,24.62,77.33,5030.46
Oil Service Boat,Lagos-Apapa,147.09,Methanol,8303.26,20550.57,Calm,75.07,19.75,71.64,5812.28
Oil Service Boat,Port Harcourt-Lagos,44.07,HFO,804.25,2211.69,Calm,84.94,12.99,52.19,402.12
Oil Service Boat,Escravos-Lagos,113.41,Diesel,3945.78,10308.35,Moderate,84.21,20.2,58.29,2367.47
Oil Service Boat,Escravos-Lagos,52.62,LNG,1017.91,2099.44,Calm,91.97,11.08,72.28,458.06
Oil Service Boat,Port Harcourt-Lagos,30.08,Diesel,287.63,751.43,Moderate,92.52,10.46,60.46,172.58
Oil Service Boat,Warri-Bonny,70.57,Diesel,1371.59,3583.28,Stormy,94.07,13.87,52.5,822.95
Oil Service Boat,Lagos-Apapa,35.59,LNG,1794.27,3700.68,Stormy,70.09,16.94,92.18,807.42
Oil Service Boat,Port Harcourt-Lagos,98.74,Ammonia,13292.92,1827.78,Calm,87.67,23.02,99.06,11963.63
Oil Service Boat,Port Harcourt-Lagos,37.23,Methanol,2989.71,7399.53,Moderate,82.04,20.91,89.66,2092.8
Surfer Boat,Escravos-Lagos,187.13,LNG,5180.36,10684.49,Stormy,94.1,21.14,92.69,2331.16
Surfer Boat,Warri-Bonny,51.93,Methanol,1200.61,2971.51,Stormy,70.74,16.38,62.1,840.43
Surfer Boat,Port Harcourt-Lagos,190.81,Diesel,4616.59,12060.84,Stormy,90.34,15.19,98.03,2769.95
Surfer Boat,Escravos-Lagos,151.15,LNG,1894.87,3908.17,Moderate,78.2,15.57,59.85,852.69
Surfer Boat,Port Harcourt-Lagos,139.23,Diesel,5878.4,15357.32,Calm,87.09,24.81,97.57,3527.04
Surfer Boat,Escravos-Lagos,46.37,HFO,474.18,1304.0,Moderate,86.22,10.6,99.74,237.09
Surfer Boat,Warri-Bonny,78.62,Methanol,3930.33,9727.57,Moderate,90.25,23.01,85.59,2751.23
Surfer Boat,Port Harcourt-Lagos,125.45,LNG,5119.49,10558.95,Stormy,91.54,18.68,99.06,2303.77
Surfer Boat,Warri-Bonny,79.49,Diesel,1380.37,3606.22,Stormy,91.16,16.58,78.48,828.22
Surfer Boat,Lagos-Apapa,126.31,Ammonia,5423.73,745.76,Stormy,94.4,20.88,62.98,4881.36
Surfer Boat,Warri-Bonny,160.29,HFO,2813.07,7735.94,Calm,71.98,17.3,71.85,1406.54
Surfer Boat,Lagos-Apapa,95.66,Diesel,2299.18,6006.61,Stormy,77.95,23.1,79.68,1379.51
Surfer Boat,Port Harcourt-Lagos,180.42,HFO,4014.89,11040.95,Calm,90.55,23.51,53.65,2007.44
Surfer Boat,Lagos-Apapa,197.7,Methanol,4974.89,12312.85,Stormy,84.67,16.33,81.12,3482.42
Surfer Boat,Port Harcourt-Lagos,171.08,Methanol,3198.34,7915.89,Calm,94.79,14.15,99.06,2238.84
Surfer Boat,Port Harcourt-Lagos,60.37,Diesel,1374.37,3590.54,Calm,75.57,18.89,59.51,824.62
Surfer Boat,Lagos-Apapa,81.84,LNG,3214.7,6630.32,Stormy,91.28,23.69,89.63,1446.62
Surfer Boat,Warri-Bonny,80.68,Diesel,1089.38,2846.01,Calm,91.7,13.16,95.39,653.63
Surfer Boat,Warri-Bonny,179.28,Methanol,7212.65,17851.31,Stormy,84.27,19.34,97.19,5048.85
Surfer Boat,Port Harcourt-Lagos,144.84,Diesel,5484.3,14327.73,Calm,74.05,19.47,98.01,3290.58
Surfer Boat,Escravos-Lagos,57.14,Diesel,1873.74,4895.15,Calm,92.83,21.0,76.07,1124.24
Surfer Boat,Port Harcourt-Lagos,124.1,Ammonia,2806.17,385.85,Moderate,81.15,11.97,98.87,2525.55
Surfer Boat,Escravos-Lagos,60.21,Diesel,2235.59,5840.48,Moderate,76.89,20.74,87.87,1341.35
Surfer Boat,Warri-Bonny,69.27,HFO,2270.37,6243.52,Stormy,73.11,23.64,58.08,1135.18
Surfer Boat,Escravos-Lagos,163.47,LNG,2128.6,4390.24,Calm,74.43,12.7,73.85,957.87
Surfer Boat,Port Harcourt-Lagos,129.25,Hydrogen,4408.27,0.0,Stormy,81.81,13.56,85.92,6612.41
Surfer Boat,Escravos-Lagos,119.72,Diesel,4304.52,11245.56,Moderate,91.68,24.57,62.37,2582.71
Surfer Boat,Escravos-Lagos,38.54,HFO,436.02,1199.05,Moderate,87.03,12.71,82.03,218.01
Surfer Boat,Escravos-Lagos,23.76,Diesel,1143.39,2987.11,Moderate,74.35,22.82,83.33,686.03
Surfer Boat,Lagos-Apapa,89.14,LNG,2004.52,4134.32,Calm,81.0,17.38,58.13,902.03
Surfer Boat,Port Harcourt-Lagos,137.0,HFO,2326.6,6398.15,Stormy,87.28,13.71,78.25,1163.3
Surfer Boat,Escravos-Lagos,169.2,LNG,5488.08,11319.16,Calm,75.98,23.06,88.58,2469.64
Surfer Boat,Escravos-Lagos,45.17,Hydrogen,2672.07,0.0,Stormy,72.07,16.68,74.94,4008.11
Surfer Boat,Port Harcourt-Lagos,82.46,Diesel,1100.74,2875.68,Calm,89.92,17.72,50.61,660.44
Surfer Boat,Warri-Bonny,126.66,Diesel,1398.38,3653.27,Stormy,89.45,15.39,50.45,839.03
Surfer Boat,Lagos-Apapa,144.01,Diesel,3270.98,8545.44,Stormy,84.14,18.89,67.85,1962.59
Tanker Ship,Escravos-Lagos,77.19,HFO,2770.26,7618.22,Moderate,81.04,12.45,96.31,1385.13
Tanker Ship,Warri-Bonny,243.28,Ammonia,11600.92,1595.13,Stormy,74.83,15.87,61.43,10440.83
Tanker Ship,Lagos-Apapa,453.83,Diesel,48220.29,125975.51,Moderate,89.89,24.54,81.72,28932.17
Tanker Ship,Escravos-Lagos,207.53,Diesel,5165.42,13494.66,Moderate,84.73,13.87,61.1,3099.25
Tanker Ship,Warri-Bonny,62.2,LNG,4877.98,10060.83,Moderate,85.0,19.85,66.08,2195.09
Tanker Ship,Port Harcourt-Lagos,142.76,Diesel,5642.93,14742.15,Stormy,81.01,14.88,92.4,3385.76
Tanker Ship,Port Harcourt-Lagos,253.8,LNG,32035.38,66072.97,Calm,72.7,21.6,86.44,14415.92
Tanker Ship,Warri-Bonny,176.67,HFO,3369.94,9267.34,Stormy,71.3,11.96,54.77,1684.97
Tanker Ship,Lagos-Apapa,66.82,Methanol,9359.63,23165.08,Stormy,85.12,24.55,71.44,6551.74
Tanker Ship,Lagos-Apapa,399.87,Ammonia,16669.72,2292.09,Stormy,91.96,16.81,51.46,15002.75
Tanker Ship,Escravos-Lagos,416.07,LNG,12869.3,26542.93,Stormy,74.5,13.54,74.04,5791.18
Tanker Ship,Escravos-Lagos,68.69,Hydrogen,4880.81,0.0,Calm,93.26,11.1,83.12,7321.22
Tanker Ship,Lagos-Apapa,267.88,HFO,4830.25,13283.19,Calm,73.49,12.55,55.93,2415.12
Tanker Ship,Port Harcourt-Lagos,465.49,Diesel,23628.1,61728.41,Calm,82.08,17.8,64.44,14176.86
Tanker Ship,Port Harcourt-Lagos,330.35,LNG,16491.44,34013.6,Stormy,86.26,15.06,69.89,7421.15
Tanker Ship,Escravos-Lagos,161.34,LNG,24774.09,51096.56,Moderate,80.3,22.43,95.98,11148.34
Tanker Ship,Warri-Bonny,232.27,Diesel,10692.87,27935.12,Moderate,85.97,16.46,99.66,6415.72
Tanker Ship,Lagos-Apapa,103.37,Diesel,2340.4,6114.3,Calm,89.12,13.73,52.25,1404.24
Tanker Ship,Lagos-Apapa,320.47,HFO,22239.46,61158.52,Calm,81.36,19.26,88.05,11119.73
Tanker Ship,Port Harcourt-Lagos,120.15,Diesel,6353.26,16597.89,Stormy,78.69,20.6,68.59,3811.96
Tanker Ship,Warri-Bonny,251.97,HFO,5098.49,14020.85,Moderate,76.72,12.51,69.62,2549.24
Tanker Ship,Lagos-Apapa,307.97,Methanol,11771.73,29135.03,Moderate,93.58,12.51,87.71,8240.21
Tanker Ship,Lagos-Apapa,462.52,HFO,8938.64,24581.26,Calm,81.71,10.55,95.92,4469.32
Tanker Ship,Lagos-Apapa,320.74,HFO,41003.86,112760.62,Calm,92.27,21.05,97.55,20501.93
Tanker Ship,Escravos-Lagos,148.58,LNG,10575.18,21811.31,Moderate,84.93,19.96,78.86,4758.83
Tanker Ship,Port Harcourt-Lagos,90.38,LNG,5640.34,11633.2,Calm,72.7,17.12,67.86,2538.15
Tanker Ship,Warri-Bonny,58.17,Ammonia,10390.09,1428.64,Stormy,81.47,22.66,89.38,9351.08
Tanker Ship,Port Harcourt-Lagos,333.44,LNG,29451.24,60743.18,Moderate,70.45,22.09,62.55,13253.06
Tanker Ship,Warri-Bonny,452.15,Diesel,29101.89,76028.69,Stormy,89.38,18.78,78.2,17461.13
Tanker Ship,Port Harcourt-Lagos,279.88,Methanol,21715.4,53745.62,Moderate,80.97,23.02,67.93,15200.78
Tanker Ship,Port Harcourt-Lagos,185.85,LNG,6369.49,13137.07,Stormy,90.1,13.09,82.83,2866.27
Tanker Ship,Lagos-Apapa,81.84,HFO,1532.04,4213.11,Moderate,93.35,11.68,62.02,766.02
Tanker Ship,Escravos-Lagos,230.08,LNG,6827.62,14081.97,Calm,75.04,14.05,59.58,3072.43
Tanker Ship,Lagos-Apapa,282.19,Ammonia,13181.07,1812.4,Calm,91.02,10.86,95.91,11862.96
Tanker Ship,Escravos-Lagos,185.19,Diesel,8188.1,21391.41,Moderate,91.27,17.97,55.09,4912.86
Tanker Ship,Warri-Bonny,481.67,Diesel,39013.78,101923.5,Moderate,84.52,24.05,75.3,23408.27
Tanker Ship,Warri-Bonny,192.84,HFO,3784.39,10407.07,Calm,83.9,10.59,61.04,1892.2
Tanker Ship,Port Harcourt-Lagos,211.68,HFO,3915.8,10768.45,Stormy,78.66,11.83,51.95,1957.9
Tanker Ship,Escravos-Lagos,289.84,Diesel,8593.49,22450.49,Stormy,82.11,16.78,51.8,5156.09
Tanker Ship,Lagos-Apapa,454.15,LNG,41477.04,85546.4,Stormy,72.13,24.01,58.76,18664.67
Tanker Ship,Escravos-Lagos,393.74,HFO,22425.59,61670.37,Moderate,92.6,14.74,93.34,11212.8
Tanker Ship,Lagos-Apapa,469.28,Ammonia,28239.14,3882.88,Calm,82.77,17.61,64.12,25415.23
Tanker Ship,Warri-Bonny,140.09,Methanol,3630.45,8985.36,Stormy,91.06,10.62,97.52,2541.32
Tanker Ship,Escravos-Lagos,414.11,LNG,10506.25,21669.14,Calm,71.82,12.23,79.08,4727.81
Tanker Ship,Port Harcourt-Lagos,389.15,Methanol,49976.12,123690.9,Moderate,89.8,24.8,71.83,34983.28
Tanker Ship,Escravos-Lagos,88.25,HFO,11822.46,32511.76,Moderate,79.03,24.48,79.0,5911.23
Tanker Ship,Port Harcourt-Lagos,170.38,Diesel,3646.24,9525.8,Calm,93.39,10.07,75.83,2187.74
Tanker Ship,Warri-Bonny,142.08,LNG,16466.64,33962.44,Moderate,80.25,24.28,87.94,7409.99
Fishing Trawler,Escravos-Lagos,106.4,Methanol,5331.78,13196.16,Moderate,73.99,19.59,64.12,3732.25
Fishing Trawler,Warri-Bonny,139.73,Methanol,8463.42,20946.96,Stormy,72.7,23.02,67.65,5924.39
Fishing Trawler,Warri-Bonny,136.37,Diesel,6123.1,15996.6,Moderate,71.33,16.82,94.7,3673.86
Fishing Trawler,Warri-Bonny,146.14,Ammonia,9600.99,1320.14,Stormy,87.81,17.73,97.32,8640.89
Fishing Trawler,Port Harcourt-Lagos,57.37,HFO,2391.0,6575.25,Calm,92.86,17.33,94.63,1195.5
Fishing Trawler,Warri-Bonny,129.53,Ammonia,8763.92,1205.04,Stormy,90.37,20.0,70.97,7887.53
Fishing Trawler,Escravos-Lagos,133.44,Hydrogen,7191.76,0.0,Moderate,89.43,12.09,89.02,10787.64
Fishing Trawler,Port Harcourt-Lagos,63.84,HFO,780.5,2146.38,Stormy,75.88,10.45,73.82,390.25
Fishing Trawler,Lagos-Apapa,61.43,Methanol,1438.02,3559.1,Calm,78.0,14.62,74.88,1006.61
Fishing Trawler,Port Harcourt-Lagos,193.09,HFO,7040.05,19360.14,Stormy,79.67,20.57,60.23,3520.02
Fishing Trawler,Lagos-Apapa,166.5,Diesel,3268.36,8538.59,Moderate,92.87,13.03,79.56,1961.02
Fishing Trawler,Warri-Bonny,127.66,LNG,5544.81,11436.17,Moderate,90.82,20.1,59.31,2495.16
